node_id,timestamp,rainfall_mm,water_level_m,river_flow,soil_moisture,dam_water_level_m,dam_capacity,temperature,humidity,pressure,wind_speed,latitude,longitude
NODE_001,2026-06-01T00:00:00,0.0,1.47,26.89,34.88,11.24,25.0,23.11,87.99,1012.16,5.25,18.1234,78.5678
NODE_001,2026-06-01T00:15:00,0.0,1.46,25.86,34.76,11.23,25.0,23.44,87.99,1012.27,5.3,18.1234,78.5678
NODE_001,2026-06-01T00:30:00,0.0,1.45,26.17,34.64,11.22,25.0,22.36,87.99,1012.48,5.52,18.1234,78.5678
NODE_001,2026-06-01T00:45:00,0.0,1.44,26.13,34.52,11.21,25.0,23.22,87.99,1011.29,5.91,18.1234,78.5678
NODE_001,2026-06-01T01:00:00,0.0,1.43,25.68,34.4,11.2,25.0,24.45,89.49,1012.2,5.07,18.1234,78.5678
NODE_001,2026-06-01T01:15:00,0.0,1.42,25.12,34.28,11.19,25.0,22.87,89.49,1011.85,6.73,18.1234,78.5678
NODE_001,2026-06-01T01:30:00,0.0,1.43,24.85,34.16,11.18,25.0,22.9,89.49,1012.0,8.6,18.1234,78.5678
NODE_001,2026-06-01T01:45:00,0.0,1.43,25.97,34.04,11.17,25.0,23.27,89.49,1011.02,6.19,18.1234,78.5678
NODE_001,2026-06-01T02:00:00,0.0,1.43,25.94,33.92,11.16,25.0,22.5,90.0,1011.21,5.47,18.1234,78.5678
NODE_001,2026-06-01T02:15:00,0.0,1.44,26.04,33.8,11.15,25.0,23.17,90.0,1011.12,5.23,18.1234,78.5678
NODE_001,2026-06-01T02:30:00,0.0,1.43,25.2,33.68,11.14,25.0,23.45,90.0,1012.38,5.12,18.1234,78.5678
NODE_001,2026-06-01T02:45:00,0.0,1.43,25.11,33.56,11.13,25.0,23.17,90.0,1012.49,5.6,18.1234,78.5678
NODE_001,2026-06-01T03:00:00,0.0,1.43,25.81,33.44,11.12,25.0,23.76,89.49,1011.55,6.52,18.1234,78.5678
NODE_001,2026-06-01T03:15:00,0.0,1.44,25.93,33.32,11.11,25.0,23.35,89.49,1011.68,7.15,18.1234,78.5678
NODE_001,2026-06-01T03:30:00,0.0,1.44,25.65,33.2,11.1,25.0,24.86,89.49,1011.54,5.84,18.1234,78.5678
NODE_001,2026-06-01T03:45:00,0.0,1.44,24.89,33.08,11.09,25.0,23.22,89.49,1011.01,8.57,18.1234,78.5678
NODE_001,2026-06-01T04:00:00,0.0,1.43,25.16,32.96,11.08,25.0,23.28,87.99,1012.37,5.12,18.1234,78.5678
NODE_001,2026-06-01T04:15:00,0.0,1.44,25.92,32.84,11.07,25.0,24.13,87.99,1012.16,7.44,18.1234,78.5678
NODE_001,2026-06-01T04:30:00,0.0,1.44,24.99,32.72,11.06,25.0,23.52,87.99,1012.34,5.17,18.1234,78.5678
NODE_001,2026-06-01T04:45:00,0.0,1.41,25.11,32.6,11.05,25.0,23.82,87.99,1012.13,5.01,18.1234,78.5678
NODE_001,2026-06-01T05:00:00,0.0,1.41,25.11,32.48,11.04,25.0,24.27,85.61,1011.86,5.62,18.1234,78.5678
NODE_001,2026-06-01T05:15:00,0.0,1.41,24.09,32.36,11.03,25.0,25.41,85.61,1012.09,5.68,18.1234,78.5678
NODE_001,2026-06-01T05:30:00,0.0,1.41,26.2,32.24,11.02,25.0,23.93,85.61,1011.5,5.06,18.1234,78.5678
NODE_001,2026-06-01T05:45:00,0.0,1.42,25.08,32.12,11.01,25.0,24.37,85.61,1012.15,5.23,18.1234,78.5678
NODE_001,2026-06-01T06:00:00,0.0,1.43,24.89,32.0,11.0,25.0,25.88,82.5,1011.43,7.15,18.1234,78.5678
NODE_001,2026-06-01T06:15:00,0.0,1.42,25.13,31.88,10.99,25.0,26.2,82.5,1011.3,6.51,18.1234,78.5678
NODE_001,2026-06-01T06:30:00,0.0,1.42,24.89,31.76,10.98,25.0,25.25,82.5,1012.46,5.31,18.1234,78.5678
NODE_001,2026-06-01T06:45:00,0.0,1.43,24.86,31.64,10.97,25.0,24.72,82.5,1012.03,6.55,18.1234,78.5678
NODE_001,2026-06-01T07:00:00,0.0,1.42,24.94,31.52,10.96,25.0,27.02,78.88,1011.92,5.22,18.1234,78.5678
NODE_001,2026-06-01T07:15:00,0.0,1.43,26.79,31.4,10.95,25.0,27.11,78.88,1011.38,7.55,18.1234,78.5678
NODE_001,2026-06-01T07:30:00,0.0,1.44,26.0,31.28,10.94,25.0,26.54,78.88,1011.9,8.41,18.1234,78.5678
NODE_001,2026-06-01T07:45:00,0.0,1.44,26.41,31.16,10.93,25.0,26.09,78.88,1011.34,6.94,18.1234,78.5678
NODE_001,2026-06-01T08:00:00,0.0,1.45,25.54,31.04,10.92,25.0,28.11,75.0,1012.42,5.01,18.1234,78.5678
NODE_001,2026-06-01T08:15:00,0.0,1.45,25.64,30.92,10.91,25.0,28.93,75.0,1012.24,6.58,18.1234,78.5678
NODE_001,2026-06-01T08:30:00,0.0,1.46,26.61,30.8,10.9,25.0,27.62,75.0,1011.43,7.06,18.1234,78.5678
NODE_001,2026-06-01T08:45:00,0.0,1.45,25.6,30.68,10.89,25.0,28.41,75.0,1012.95,5.15,18.1234,78.5678
NODE_001,2026-06-01T09:00:00,0.0,1.45,26.72,30.56,10.88,25.0,29.73,71.12,1011.88,6.5,18.1234,78.5678
NODE_001,2026-06-01T09:15:00,0.0,1.44,26.19,30.44,10.87,25.0,29.16,71.12,1013.36,5.33,18.1234,78.5678
NODE_001,2026-06-01T09:30:00,0.0,1.44,26.0,30.32,10.86,25.0,29.32,71.12,1011.93,5.29,18.1234,78.5678
NODE_001,2026-06-01T09:45:00,0.0,1.43,25.91,30.2,10.85,25.0,29.53,71.12,1011.96,9.97,18.1234,78.5678
NODE_001,2026-06-01T10:00:00,0.0,1.44,24.97,30.08,10.84,25.0,31.02,67.5,1011.83,5.57,18.1234,78.5678
NODE_001,2026-06-01T10:15:00,0.0,1.44,25.27,29.96,10.83,25.0,30.59,67.5,1012.19,6.27,18.1234,78.5678
NODE_001,2026-06-01T10:30:00,0.0,1.45,26.53,29.84,10.82,25.0,31.03,67.5,1012.03,7.03,18.1234,78.5678
NODE_001,2026-06-01T10:45:00,0.0,1.45,26.22,29.72,10.81,25.0,29.81,67.5,1011.53,7.49,18.1234,78.5678
NODE_001,2026-06-01T11:00:00,0.0,1.46,26.83,29.6,10.8,25.0,31.55,64.39,1012.44,6.04,18.1234,78.5678
NODE_001,2026-06-01T11:15:00,0.0,1.45,25.16,29.48,10.79,25.0,32.01,64.39,1012.33,8.31,18.1234,78.5678
NODE_001,2026-06-01T11:30:00,0.0,1.47,25.68,29.36,10.78,25.0,31.62,64.39,1011.57,5.05,18.1234,78.5678
NODE_001,2026-06-01T11:45:00,0.0,1.46,26.16,29.24,10.77,25.0,31.88,64.39,1011.19,5.05,18.1234,78.5678
NODE_001,2026-06-01T12:00:00,0.0,1.45,26.21,29.12,10.76,25.0,33.11,62.01,1012.06,5.36,18.1234,78.5678
NODE_001,2026-06-01T12:15:00,0.0,1.47,26.93,29.0,10.75,25.0,32.35,62.01,1011.67,6.17,18.1234,78.5678
NODE_001,2026-06-01T12:30:00,0.0,1.46,26.73,28.88,10.74,25.0,32.34,62.01,1012.22,5.59,18.1234,78.5678
NODE_001,2026-06-01T12:45:00,0.0,1.45,26.9,28.76,10.73,25.0,31.93,62.01,1011.94,5.04,18.1234,78.5678
NODE_001,2026-06-01T13:00:00,0.0,1.47,26.8,28.64,10.72,25.0,32.66,60.51,1011.84,5.43,18.1234,78.5678
NODE_001,2026-06-01T13:15:00,0.0,1.47,27.53,28.52,10.71,25.0,32.2,60.51,1012.46,9.65,18.1234,78.5678
NODE_001,2026-06-01T13:30:00,0.0,1.48,26.72,28.4,10.7,25.0,32.17,60.51,1012.92,5.43,18.1234,78.5678
NODE_001,2026-06-01T13:45:00,0.0,1.48,26.58,28.28,10.69,25.0,33.05,60.51,1012.39,5.96,18.1234,78.5678
NODE_001,2026-06-01T14:00:00,0.0,1.5,26.81,28.16,10.68,25.0,32.35,60.0,1011.95,5.85,18.1234,78.5678
NODE_001,2026-06-01T14:15:00,0.0,1.5,28.69,28.04,10.67,25.0,32.78,60.0,1012.07,5.7,18.1234,78.5678
NODE_001,2026-06-01T14:30:00,0.0,1.5,27.24,27.92,10.66,25.0,33.2,60.0,1012.45,5.27,18.1234,78.5678
NODE_001,2026-06-01T14:45:00,0.0,1.48,27.57,27.8,10.65,25.0,33.03,60.0,1011.81,9.23,18.1234,78.5678
NODE_001,2026-06-01T15:00:00,0.0,1.48,27.16,27.68,10.64,25.0,32.52,60.51,1013.06,6.18,18.1234,78.5678
NODE_001,2026-06-01T15:15:00,0.0,1.49,26.89,27.56,10.63,25.0,32.97,60.51,1011.69,5.11,18.1234,78.5678
NODE_001,2026-06-01T15:30:00,0.0,1.49,27.53,27.44,10.62,25.0,32.52,60.51,1011.82,6.79,18.1234,78.5678
NODE_001,2026-06-01T15:45:00,0.0,1.5,27.16,27.32,10.61,25.0,33.24,60.51,1012.31,5.5,18.1234,78.5678
NODE_001,2026-06-01T16:00:00,0.0,1.5,27.55,27.2,10.6,25.0,31.44,62.01,1011.39,7.25,18.1234,78.5678
NODE_001,2026-06-01T16:15:00,0.0,1.5,27.63,27.08,10.59,25.0,32.22,62.01,1012.55,7.08,18.1234,78.5678
NODE_001,2026-06-01T16:30:00,0.0,1.5,27.52,26.96,10.58,25.0,32.34,62.01,1012.47,7.63,18.1234,78.5678
NODE_001,2026-06-01T16:45:00,0.0,1.52,28.76,26.84,10.57,25.0,32.49,62.01,1011.93,9.51,18.1234,78.5678
NODE_001,2026-06-01T17:00:00,0.0,1.53,28.94,26.72,10.56,25.0,30.64,64.39,1011.78,5.6,18.1234,78.5678
NODE_001,2026-06-01T17:15:00,0.0,1.52,28.27,26.6,10.55,25.0,31.85,64.39,1012.31,5.14,18.1234,78.5678
NODE_001,2026-06-01T17:30:00,0.0,1.51,27.82,26.48,10.54,25.0,30.49,64.39,1012.89,8.28,18.1234,78.5678
NODE_001,2026-06-01T17:45:00,0.0,1.51,27.91,26.36,10.53,25.0,31.74,64.39,1011.72,6.44,18.1234,78.5678
NODE_001,2026-06-01T18:00:00,0.0,1.49,26.62,26.24,10.52,25.0,30.78,67.5,1012.44,5.13,18.1234,78.5678
NODE_001,2026-06-01T18:15:00,0.0,1.47,27.46,26.12,10.51,25.0,30.14,67.5,1011.89,7.25,18.1234,78.5678
NODE_001,2026-06-01T18:30:00,0.0,1.47,26.35,26.0,10.5,25.0,30.35,67.5,1012.0,5.95,18.1234,78.5678
NODE_001,2026-06-01T18:45:00,0.0,1.46,25.89,25.88,10.49,25.0,30.76,67.5,1012.77,9.91,18.1234,78.5678
NODE_001,2026-06-01T19:00:00,0.0,1.46,26.38,25.76,10.48,25.0,29.12,71.12,1012.23,9.95,18.1234,78.5678
NODE_001,2026-06-01T19:15:00,0.0,1.48,27.26,25.64,10.47,25.0,29.34,71.12,1011.61,10.23,18.1234,78.5678
NODE_001,2026-06-01T19:30:00,0.0,1.49,27.39,25.52,10.46,25.0,29.08,71.12,1012.93,6.48,18.1234,78.5678
NODE_001,2026-06-01T19:45:00,0.0,1.49,26.55,25.4,10.45,25.0,30.39,71.12,1011.6,5.49,18.1234,78.5678
NODE_001,2026-06-01T20:00:00,0.0,1.49,28.25,25.28,10.44,25.0,28.52,75.0,1011.09,5.12,18.1234,78.5678
NODE_001,2026-06-01T20:15:00,0.0,1.5,28.25,25.16,10.43,25.0,28.48,75.0,1011.71,6.73,18.1234,78.5678
NODE_001,2026-06-01T20:30:00,0.0,1.51,27.61,25.04,10.42,25.0,28.35,75.0,1011.93,8.02,18.1234,78.5678
NODE_001,2026-06-01T20:45:00,0.0,1.51,28.03,24.92,10.41,25.0,27.14,75.0,1012.68,10.26,18.1234,78.5678
NODE_001,2026-06-01T21:00:00,0.0,1.51,27.88,24.8,10.4,25.0,25.48,78.88,1011.55,5.48,18.1234,78.5678
NODE_001,2026-06-01T21:15:00,0.0,1.49,27.67,24.68,10.39,25.0,26.48,78.88,1012.31,5.9,18.1234,78.5678
NODE_001,2026-06-01T21:30:00,0.0,1.5,27.1,24.56,10.38,25.0,27.24,78.88,1012.77,5.67,18.1234,78.5678
NODE_001,2026-06-01T21:45:00,0.0,1.5,28.07,24.44,10.37,25.0,27.48,78.88,1012.06,6.1,18.1234,78.5678
NODE_001,2026-06-01T22:00:00,0.0,1.5,28.35,24.32,10.36,25.0,26.01,82.5,1012.08,5.77,18.1234,78.5678
NODE_001,2026-06-01T22:15:00,0.0,1.49,27.82,24.2,10.35,25.0,25.02,82.5,1012.34,5.22,18.1234,78.5678
NODE_001,2026-06-01T22:30:00,0.0,1.5,27.58,24.08,10.34,25.0,25.94,82.5,1011.93,5.64,18.1234,78.5678
NODE_001,2026-06-01T22:45:00,0.0,1.5,27.9,23.96,10.33,25.0,26.31,82.5,1011.31,7.97,18.1234,78.5678
NODE_001,2026-06-01T23:00:00,0.0,1.48,26.8,23.84,10.32,25.0,24.32,85.61,1011.17,10.87,18.1234,78.5678
NODE_001,2026-06-01T23:15:00,0.0,1.47,26.74,23.72,10.31,25.0,23.81,85.61,1012.33,5.12,18.1234,78.5678
NODE_001,2026-06-01T23:30:00,0.0,1.45,26.44,23.6,10.3,25.0,24.84,85.61,1011.85,5.96,18.1234,78.5678
NODE_001,2026-06-01T23:45:00,0.0,1.44,25.66,23.48,10.29,25.0,24.2,85.61,1011.6,5.29,18.1234,78.5678
NODE_001,2026-06-02T00:00:00,0.0,1.43,25.66,23.36,10.28,25.0,23.7,87.99,1010.86,6.76,18.1234,78.5678
NODE_001,2026-06-02T00:15:00,0.0,1.43,25.63,23.24,10.27,25.0,23.61,87.99,1011.89,7.46,18.1234,78.5678
NODE_001,2026-06-02T00:30:00,0.0,1.41,25.59,23.12,10.26,25.0,23.4,87.99,1011.39,5.99,18.1234,78.5678
NODE_001,2026-06-02T00:45:00,0.0,1.42,24.69,23.0,10.25,25.0,24.49,87.99,1011.88,5.06,18.1234,78.5678
NODE_001,2026-06-02T01:00:00,0.0,1.42,24.68,22.88,10.24,25.0,23.18,89.49,1012.48,6.14,18.1234,78.5678
NODE_001,2026-06-02T01:15:00,0.0,1.42,25.1,22.76,10.23,25.0,22.37,89.49,1012.1,5.47,18.1234,78.5678
NODE_001,2026-06-02T01:30:00,0.0,1.44,26.08,22.64,10.22,25.0,22.64,89.49,1011.67,5.6,18.1234,78.5678
NODE_001,2026-06-02T01:45:00,0.0,1.46,26.87,22.52,10.21,25.0,23.17,89.49,1012.74,5.14,18.1234,78.5678
NODE_001,2026-06-02T02:00:00,0.0,1.45,25.4,22.4,10.2,25.0,22.78,90.0,1012.79,5.2,18.1234,78.5678
NODE_001,2026-06-02T02:15:00,0.0,1.45,26.16,22.28,10.19,25.0,23.46,90.0,1012.95,5.66,18.1234,78.5678
NODE_001,2026-06-02T02:30:00,0.0,1.45,25.66,22.16,10.18,25.0,22.82,90.0,1011.88,5.25,18.1234,78.5678
NODE_001,2026-06-02T02:45:00,0.0,1.42,25.5,22.04,10.17,25.0,22.7,90.0,1011.57,5.29,18.1234,78.5678
NODE_001,2026-06-02T03:00:00,0.0,1.42,25.38,21.92,10.16,25.0,23.37,89.49,1011.96,8.01,18.1234,78.5678
NODE_001,2026-06-02T03:15:00,0.0,1.44,26.44,21.8,10.15,25.0,23.42,89.49,1011.51,8.98,18.1234,78.5678
NODE_001,2026-06-02T03:30:00,0.0,1.43,24.51,21.68,10.14,25.0,23.64,89.49,1011.62,5.31,18.1234,78.5678
NODE_001,2026-06-02T03:45:00,0.0,1.41,25.37,21.56,10.13,25.0,22.36,89.49,1012.02,5.18,18.1234,78.5678
NODE_001,2026-06-02T04:00:00,0.0,1.41,24.83,21.44,10.12,25.0,23.1,87.99,1012.13,5.98,18.1234,78.5678
NODE_001,2026-06-02T04:15:00,0.0,1.4,25.03,21.32,10.11,25.0,23.24,87.99,1011.81,5.1,18.1234,78.5678
NODE_001,2026-06-02T04:30:00,0.0,1.38,23.56,21.2,10.1,25.0,24.22,87.99,1012.39,6.36,18.1234,78.5678
NODE_001,2026-06-02T04:45:00,0.0,1.38,24.09,21.08,10.09,25.0,23.96,87.99,1011.9,7.66,18.1234,78.5678
NODE_001,2026-06-02T05:00:00,0.0,1.39,23.98,20.96,10.08,25.0,24.71,85.61,1012.79,7.77,18.1234,78.5678
NODE_001,2026-06-02T05:15:00,0.0,1.39,24.9,20.84,10.07,25.0,24.22,85.61,1011.78,5.27,18.1234,78.5678
NODE_001,2026-06-02T05:30:00,0.0,1.41,24.56,20.72,10.06,25.0,23.36,85.61,1012.18,8.15,18.1234,78.5678
NODE_001,2026-06-02T05:45:00,0.0,1.42,24.68,20.6,10.05,25.0,23.45,85.61,1011.5,5.93,18.1234,78.5678
NODE_001,2026-06-02T06:00:00,0.0,1.43,24.26,20.48,10.04,25.0,24.71,82.5,1012.01,8.45,18.1234,78.5678
NODE_001,2026-06-02T06:15:00,0.0,1.43,25.71,20.36,10.03,25.0,25.62,82.5,1012.39,5.19,18.1234,78.5678
NODE_001,2026-06-02T06:30:00,0.0,1.44,26.76,20.24,10.02,25.0,25.06,82.5,1011.8,7.37,18.1234,78.5678
NODE_001,2026-06-02T06:45:00,0.0,1.43,24.9,20.12,10.01,25.0,25.59,82.5,1012.12,5.25,18.1234,78.5678
NODE_001,2026-06-02T07:00:00,0.0,1.44,25.38,20.0,10.0,25.0,27.46,78.88,1012.2,8.14,18.1234,78.5678
NODE_001,2026-06-02T07:15:00,0.0,1.43,25.24,20.0,9.99,25.0,26.57,78.88,1011.51,7.39,18.1234,78.5678
NODE_001,2026-06-02T07:30:00,0.0,1.44,26.59,20.0,9.98,25.0,27.19,78.88,1012.49,6.54,18.1234,78.5678
NODE_001,2026-06-02T07:45:00,0.0,1.44,26.12,20.0,9.97,25.0,26.32,78.88,1011.38,5.3,18.1234,78.5678
NODE_001,2026-06-02T08:00:00,0.0,1.44,25.23,20.0,9.96,25.0,27.55,75.0,1010.84,9.41,18.1234,78.5678
NODE_001,2026-06-02T08:15:00,0.0,1.46,26.63,20.0,9.95,25.0,29.22,75.0,1012.06,5.03,18.1234,78.5678
NODE_001,2026-06-02T08:30:00,0.0,1.48,27.57,20.0,9.94,25.0,28.11,75.0,1012.22,5.25,18.1234,78.5678
NODE_001,2026-06-02T08:45:00,0.0,1.48,27.24,20.0,9.93,25.0,28.8,75.0,1011.74,9.09,18.1234,78.5678
NODE_001,2026-06-02T09:00:00,0.0,1.47,26.58,20.0,9.92,25.0,30.56,71.12,1012.26,5.76,18.1234,78.5678
NODE_001,2026-06-02T09:15:00,0.0,1.47,27.02,20.0,9.91,25.0,28.79,71.12,1011.17,6.16,18.1234,78.5678
NODE_001,2026-06-02T09:30:00,0.0,1.47,25.86,20.0,9.9,25.0,29.93,71.12,1011.59,5.9,18.1234,78.5678
NODE_001,2026-06-02T09:45:00,0.0,1.48,26.77,20.0,9.89,25.0,29.17,71.12,1011.86,6.03,18.1234,78.5678
NODE_001,2026-06-02T10:00:00,0.0,1.47,26.19,20.0,9.88,25.0,31.04,67.5,1011.08,6.5,18.1234,78.5678
NODE_001,2026-06-02T10:15:00,0.0,1.47,26.83,20.0,9.87,25.0,31.79,67.5,1012.03,5.1,18.1234,78.5678
NODE_001,2026-06-02T10:30:00,0.0,1.46,26.2,20.0,9.86,25.0,30.44,67.5,1012.08,5.32,18.1234,78.5678
NODE_001,2026-06-02T10:45:00,0.0,1.48,25.56,20.0,9.85,25.0,30.14,67.5,1012.05,7.24,18.1234,78.5678
NODE_001,2026-06-02T11:00:00,0.0,1.47,26.58,20.0,9.84,25.0,30.5,64.39,1011.38,6.23,18.1234,78.5678
NODE_001,2026-06-02T11:15:00,0.0,1.47,26.61,20.0,9.83,25.0,30.83,64.39,1011.61,6.55,18.1234,78.5678
NODE_001,2026-06-02T11:30:00,0.0,1.48,26.28,20.0,9.82,25.0,31.78,64.39,1011.61,6.61,18.1234,78.5678
NODE_001,2026-06-02T11:45:00,0.0,1.47,26.61,20.0,9.81,25.0,31.27,64.39,1012.24,6.59,18.1234,78.5678
NODE_001,2026-06-02T12:00:00,0.0,1.47,27.18,20.0,9.8,25.0,32.74,62.01,1011.53,7.9,18.1234,78.5678
NODE_001,2026-06-02T12:15:00,0.0,1.45,26.97,20.0,9.79,25.0,31.79,62.01,1012.31,5.52,18.1234,78.5678
NODE_001,2026-06-02T12:30:00,0.0,1.44,25.93,20.0,9.78,25.0,31.71,62.01,1011.59,5.72,18.1234,78.5678
NODE_001,2026-06-02T12:45:00,0.0,1.42,24.84,20.0,9.77,25.0,31.69,62.01,1012.88,6.2,18.1234,78.5678
NODE_001,2026-06-02T13:00:00,0.0,1.42,24.99,20.0,9.76,25.0,33.32,60.51,1011.98,7.41,18.1234,78.5678
NODE_001,2026-06-02T13:15:00,0.0,1.41,24.65,20.0,9.75,25.0,32.98,60.51,1011.14,6.51,18.1234,78.5678
NODE_001,2026-06-02T13:30:00,0.0,1.41,24.45,20.0,9.74,25.0,32.19,60.51,1012.05,5.48,18.1234,78.5678
NODE_001,2026-06-02T13:45:00,0.0,1.41,25.09,20.0,9.73,25.0,33.03,60.51,1011.15,6.58,18.1234,78.5678
NODE_001,2026-06-02T14:00:00,0.0,1.39,23.67,20.0,9.72,25.0,33.81,60.0,1012.79,6.64,18.1234,78.5678
NODE_001,2026-06-02T14:15:00,0.0,1.39,24.34,20.0,9.71,25.0,32.69,60.0,1012.01,5.27,18.1234,78.5678
NODE_001,2026-06-02T14:30:00,0.0,1.38,23.33,20.0,9.7,25.0,32.28,60.0,1012.29,5.74,18.1234,78.5678
NODE_001,2026-06-02T14:45:00,0.0,1.4,24.5,20.0,9.69,25.0,32.51,60.0,1012.53,6.25,18.1234,78.5678
NODE_001,2026-06-02T15:00:00,0.0,1.4,24.57,20.0,9.68,25.0,32.88,60.51,1012.09,5.36,18.1234,78.5678
NODE_001,2026-06-02T15:15:00,0.0,1.4,24.56,20.0,9.67,25.0,34.11,60.51,1011.95,5.61,18.1234,78.5678
NODE_001,2026-06-02T15:30:00,0.0,1.39,25.19,20.0,9.66,25.0,32.92,60.51,1011.83,6.03,18.1234,78.5678
NODE_001,2026-06-02T15:45:00,0.0,1.38,24.47,20.0,9.65,25.0,33.18,60.51,1011.72,7.41,18.1234,78.5678
NODE_001,2026-06-02T16:00:00,0.0,1.38,24.33,20.0,9.64,25.0,31.45,62.01,1012.57,5.14,18.1234,78.5678
NODE_001,2026-06-02T16:15:00,0.0,1.39,24.61,20.0,9.63,25.0,32.42,62.01,1011.33,8.09,18.1234,78.5678
NODE_001,2026-06-02T16:30:00,0.0,1.39,23.48,20.0,9.62,25.0,32.97,62.01,1012.53,7.84,18.1234,78.5678
NODE_001,2026-06-02T16:45:00,0.0,1.4,24.65,20.0,9.61,25.0,32.54,62.01,1012.1,5.3,18.1234,78.5678
NODE_001,2026-06-02T17:00:00,0.0,1.4,24.95,20.0,9.6,25.0,31.76,64.39,1011.89,10.31,18.1234,78.5678
NODE_001,2026-06-02T17:15:00,0.0,1.39,24.47,20.0,9.59,25.0,31.55,64.39,1012.01,5.58,18.1234,78.5678
NODE_001,2026-06-02T17:30:00,0.0,1.39,23.98,20.0,9.58,25.0,31.01,64.39,1012.64,6.94,18.1234,78.5678
NODE_001,2026-06-02T17:45:00,0.0,1.4,24.63,20.0,9.57,25.0,32.26,64.39,1012.1,5.58,18.1234,78.5678
NODE_001,2026-06-02T18:00:00,0.0,1.4,25.08,20.0,9.56,25.0,29.83,67.5,1012.29,5.04,18.1234,78.5678
NODE_001,2026-06-02T18:15:00,0.0,1.41,25.0,20.0,9.55,25.0,30.24,67.5,1012.7,5.98,18.1234,78.5678
NODE_001,2026-06-02T18:30:00,0.0,1.41,24.61,20.0,9.54,25.0,29.66,67.5,1011.12,7.01,18.1234,78.5678
NODE_001,2026-06-02T18:45:00,0.0,1.39,23.6,20.0,9.53,25.0,29.83,67.5,1011.54,5.53,18.1234,78.5678
NODE_001,2026-06-02T19:00:00,0.0,1.4,24.42,20.0,9.52,25.0,28.76,71.12,1012.34,9.49,18.1234,78.5678
NODE_001,2026-06-02T19:15:00,0.0,1.41,25.71,20.0,9.51,25.0,29.27,71.12,1012.34,6.43,18.1234,78.5678
NODE_001,2026-06-02T19:30:00,0.0,1.41,24.46,20.0,9.5,25.0,28.51,71.12,1012.04,5.29,18.1234,78.5678
NODE_001,2026-06-02T19:45:00,0.0,1.4,24.07,20.0,9.49,25.0,28.98,71.12,1012.59,5.09,18.1234,78.5678
NODE_001,2026-06-02T20:00:00,0.0,1.4,24.84,20.0,9.48,25.0,28.4,75.0,1012.52,5.25,18.1234,78.5678
NODE_001,2026-06-02T20:15:00,0.0,1.39,24.39,20.0,9.47,25.0,28.1,75.0,1011.24,6.35,18.1234,78.5678
NODE_001,2026-06-02T20:30:00,0.0,1.4,24.59,20.0,9.46,25.0,27.82,75.0,1012.29,5.21,18.1234,78.5678
NODE_001,2026-06-02T20:45:00,0.0,1.38,23.32,20.0,9.45,25.0,28.33,75.0,1013.01,5.14,18.1234,78.5678
NODE_001,2026-06-02T21:00:00,0.0,1.38,23.95,20.0,9.44,25.0,27.15,78.88,1011.52,6.03,18.1234,78.5678
NODE_001,2026-06-02T21:15:00,0.0,1.39,24.4,20.0,9.43,25.0,26.7,78.88,1012.59,5.98,18.1234,78.5678
NODE_001,2026-06-02T21:30:00,0.0,1.4,24.26,20.0,9.42,25.0,27.37,78.88,1011.43,6.25,18.1234,78.5678
NODE_001,2026-06-02T21:45:00,0.0,1.4,24.95,20.0,9.41,25.0,27.0,78.88,1012.55,7.85,18.1234,78.5678
NODE_001,2026-06-02T22:00:00,0.0,1.42,25.35,20.0,9.4,25.0,25.75,82.5,1012.43,6.71,18.1234,78.5678
NODE_001,2026-06-02T22:15:00,0.0,1.41,25.09,20.0,9.39,25.0,25.42,82.5,1012.07,5.61,18.1234,78.5678
NODE_001,2026-06-02T22:30:00,0.0,1.41,24.94,20.0,9.38,25.0,25.71,82.5,1012.2,6.06,18.1234,78.5678
NODE_001,2026-06-02T22:45:00,0.0,1.43,25.49,20.0,9.37,25.0,24.82,82.5,1012.37,6.51,18.1234,78.5678
NODE_001,2026-06-02T23:00:00,0.0,1.43,25.51,20.0,9.36,25.0,24.6,85.61,1011.8,6.17,18.1234,78.5678
NODE_001,2026-06-02T23:15:00,0.0,1.43,25.64,20.0,9.35,25.0,24.77,85.61,1012.09,5.16,18.1234,78.5678
NODE_001,2026-06-02T23:30:00,0.0,1.43,25.14,20.0,9.34,25.0,24.37,85.61,1011.8,6.85,18.1234,78.5678
NODE_001,2026-06-02T23:45:00,0.0,1.44,25.34,20.0,9.33,25.0,25.06,85.61,1011.24,5.07,18.1234,78.5678
NODE_001,2026-06-03T00:00:00,0.0,1.43,26.39,20.0,9.32,25.0,23.6,87.99,1010.98,7.21,18.1234,78.5678
NODE_001,2026-06-03T00:15:00,0.0,1.44,26.15,20.0,9.31,25.0,22.95,87.99,1010.9,5.27,18.1234,78.5678
NODE_001,2026-06-03T00:30:00,0.0,1.44,25.81,20.0,9.3,25.0,24.23,87.99,1012.66,5.48,18.1234,78.5678
NODE_001,2026-06-03T00:45:00,0.0,1.45,26.02,20.0,9.29,25.0,24.59,87.99,1011.46,5.76,18.1234,78.5678
NODE_001,2026-06-03T01:00:00,0.0,1.44,26.47,20.0,9.28,25.0,22.81,89.49,1011.67,5.05,18.1234,78.5678
NODE_001,2026-06-03T01:15:00,0.0,1.44,25.72,20.0,9.27,25.0,23.13,89.49,1012.56,10.17,18.1234,78.5678
NODE_001,2026-06-03T01:30:00,0.0,1.45,26.7,20.0,9.26,25.0,23.52,89.49,1012.36,7.79,18.1234,78.5678
NODE_001,2026-06-03T01:45:00,0.0,1.44,25.7,20.0,9.25,25.0,23.27,89.49,1012.35,7.39,18.1234,78.5678
NODE_001,2026-06-03T02:00:00,0.0,1.44,25.0,20.0,9.24,25.0,23.19,90.0,1011.62,5.84,18.1234,78.5678
NODE_001,2026-06-03T02:15:00,0.0,1.43,26.03,20.0,9.23,25.0,23.06,90.0,1011.66,5.47,18.1234,78.5678
NODE_001,2026-06-03T02:30:00,0.0,1.43,24.2,20.0,9.22,25.0,22.86,90.0,1011.99,5.11,18.1234,78.5678
NODE_001,2026-06-03T02:45:00,0.0,1.43,25.77,20.0,9.21,25.0,22.21,90.0,1012.38,6.78,18.1234,78.5678
NODE_001,2026-06-03T03:00:00,0.0,1.43,24.96,20.0,9.2,25.0,23.16,89.49,1011.71,5.17,18.1234,78.5678
NODE_001,2026-06-03T03:15:00,0.0,1.43,25.31,20.0,9.19,25.0,23.92,89.49,1012.44,6.23,18.1234,78.5678
NODE_001,2026-06-03T03:30:00,0.0,1.42,24.87,20.0,9.18,25.0,23.04,89.49,1011.96,5.12,18.1234,78.5678
NODE_001,2026-06-03T03:45:00,0.0,1.41,24.66,20.0,9.17,25.0,24.07,89.49,1012.32,7.42,18.1234,78.5678
NODE_001,2026-06-03T04:00:00,0.0,1.41,24.6,20.0,9.16,25.0,23.81,87.99,1011.6,6.84,18.1234,78.5678
NODE_001,2026-06-03T04:15:00,0.0,1.41,25.32,20.0,9.15,25.0,24.02,87.99,1012.2,6.88,18.1234,78.5678
NODE_001,2026-06-03T04:30:00,0.0,1.43,25.07,20.0,9.14,25.0,23.73,87.99,1012.48,7.55,18.1234,78.5678
NODE_001,2026-06-03T04:45:00,0.0,1.42,24.86,20.0,9.13,25.0,24.54,87.99,1012.1,5.13,18.1234,78.5678
NODE_001,2026-06-03T05:00:00,0.0,1.44,25.87,20.0,9.12,25.0,24.77,85.61,1012.56,6.03,18.1234,78.5678
NODE_001,2026-06-03T05:15:00,0.0,1.43,25.62,20.0,9.11,25.0,24.48,85.61,1012.06,5.33,18.1234,78.5678
NODE_001,2026-06-03T05:30:00,0.0,1.43,26.17,20.0,9.1,25.0,25.01,85.61,1011.94,6.95,18.1234,78.5678
NODE_001,2026-06-03T05:45:00,0.0,1.41,25.93,20.0,9.09,25.0,23.85,85.61,1011.27,11.59,18.1234,78.5678
NODE_001,2026-06-03T06:00:00,0.0,1.41,25.34,20.0,9.08,25.0,25.45,82.5,1012.89,8.1,18.1234,78.5678
NODE_001,2026-06-03T06:15:00,0.0,1.42,24.45,20.0,9.07,25.0,25.83,82.5,1011.21,8.65,18.1234,78.5678
NODE_001,2026-06-03T06:30:00,0.0,1.42,25.38,20.0,9.06,25.0,26.19,82.5,1012.39,5.21,18.1234,78.5678
NODE_001,2026-06-03T06:45:00,0.0,1.43,25.21,20.0,9.05,25.0,25.22,82.5,1011.66,10.33,18.1234,78.5678
NODE_001,2026-06-03T07:00:00,0.0,1.44,24.18,20.0,9.04,25.0,25.88,78.88,1011.97,8.07,18.1234,78.5678
NODE_001,2026-06-03T07:15:00,0.0,1.44,25.68,20.0,9.03,25.0,27.28,78.88,1011.13,5.27,18.1234,78.5678
NODE_001,2026-06-03T07:30:00,0.0,1.43,25.76,20.0,9.02,25.0,27.11,78.88,1011.38,5.59,18.1234,78.5678
NODE_001,2026-06-03T07:45:00,0.0,1.41,25.1,20.0,9.01,25.0,26.68,78.88,1012.24,5.4,18.1234,78.5678
NODE_001,2026-06-03T08:00:00,0.0,1.43,25.87,20.0,9.0,25.0,27.87,75.0,1012.62,5.43,18.1234,78.5678
NODE_001,2026-06-03T08:15:00,0.0,1.44,26.32,20.0,8.99,25.0,27.83,75.0,1011.83,5.06,18.1234,78.5678
NODE_001,2026-06-03T08:30:00,0.0,1.45,26.14,20.0,8.98,25.0,28.61,75.0,1011.96,7.46,18.1234,78.5678
NODE_001,2026-06-03T08:45:00,0.0,1.45,25.69,20.0,8.97,25.0,27.87,75.0,1011.9,5.47,18.1234,78.5678
NODE_001,2026-06-03T09:00:00,0.0,1.45,25.06,20.0,8.96,25.0,29.23,71.12,1011.48,9.07,18.1234,78.5678
NODE_001,2026-06-03T09:15:00,0.0,1.43,26.9,20.0,8.95,25.0,29.75,71.12,1012.17,5.91,18.1234,78.5678
NODE_001,2026-06-03T09:30:00,0.0,1.44,25.25,20.0,8.94,25.0,28.86,71.12,1012.2,5.05,18.1234,78.5678
NODE_001,2026-06-03T09:45:00,0.0,1.44,25.53,20.0,8.93,25.0,29.6,71.12,1011.47,10.26,18.1234,78.5678
NODE_001,2026-06-03T10:00:00,0.0,1.45,26.37,20.0,8.92,25.0,31.04,67.5,1011.92,5.29,18.1234,78.5678
NODE_001,2026-06-03T10:15:00,0.0,1.46,26.57,20.0,8.91,25.0,30.58,67.5,1012.18,6.03,18.1234,78.5678
NODE_001,2026-06-03T10:30:00,0.0,1.47,27.33,20.0,8.9,25.0,30.28,67.5,1012.03,9.01,18.1234,78.5678
NODE_001,2026-06-03T10:45:00,0.0,1.47,26.64,20.0,8.89,25.0,30.82,67.5,1011.43,5.75,18.1234,78.5678
NODE_001,2026-06-03T11:00:00,0.0,1.48,27.2,20.0,8.88,25.0,32.04,64.39,1011.87,7.29,18.1234,78.5678
NODE_001,2026-06-03T11:15:00,0.0,1.49,27.56,20.0,8.87,25.0,31.41,64.39,1012.48,5.59,18.1234,78.5678
NODE_001,2026-06-03T11:30:00,0.0,1.49,27.26,20.0,8.86,25.0,31.9,64.39,1012.32,5.86,18.1234,78.5678
NODE_001,2026-06-03T11:45:00,0.0,1.47,25.97,20.0,8.85,25.0,31.45,64.39,1012.01,5.59,18.1234,78.5678
NODE_001,2026-06-03T12:00:00,0.0,1.47,25.92,20.0,8.84,25.0,31.89,62.01,1012.78,5.89,18.1234,78.5678
NODE_001,2026-06-03T12:15:00,0.0,1.45,25.55,20.0,8.83,25.0,33.15,62.01,1012.5,6.45,18.1234,78.5678
NODE_001,2026-06-03T12:30:00,0.0,1.43,24.66,20.0,8.82,25.0,32.36,62.01,1012.56,5.98,18.1234,78.5678
NODE_001,2026-06-03T12:45:00,0.0,1.44,25.98,20.0,8.81,25.0,32.84,62.01,1013.22,6.4,18.1234,78.5678
NODE_001,2026-06-03T13:00:00,0.0,1.43,25.34,20.0,8.8,25.0,32.7,60.51,1012.2,8.93,18.1234,78.5678
NODE_001,2026-06-03T13:15:00,0.0,1.44,25.47,20.0,8.79,25.0,31.98,60.51,1011.95,5.5,18.1234,78.5678
NODE_001,2026-06-03T13:30:00,0.0,1.43,25.96,20.0,8.78,25.0,31.87,60.51,1012.2,6.41,18.1234,78.5678
NODE_001,2026-06-03T13:45:00,0.0,1.42,25.49,20.0,8.77,25.0,32.34,60.51,1011.89,5.3,18.1234,78.5678
NODE_001,2026-06-03T14:00:00,0.0,1.41,24.98,20.0,8.76,25.0,33.92,60.0,1012.11,5.17,18.1234,78.5678
NODE_001,2026-06-03T14:15:00,0.0,1.4,24.64,20.0,8.75,25.0,32.99,60.0,1012.28,7.46,18.1234,78.5678
NODE_001,2026-06-03T14:30:00,0.0,1.4,24.67,20.0,8.74,25.0,33.24,60.0,1012.07,6.38,18.1234,78.5678
NODE_001,2026-06-03T14:45:00,0.0,1.42,24.87,20.0,8.73,25.0,32.65,60.0,1011.67,6.42,18.1234,78.5678
NODE_001,2026-06-03T15:00:00,0.0,1.41,25.28,20.0,8.72,25.0,32.69,60.51,1012.38,5.41,18.1234,78.5678
NODE_001,2026-06-03T15:15:00,0.0,1.41,24.53,20.0,8.71,25.0,32.68,60.51,1012.62,6.65,18.1234,78.5678
NODE_001,2026-06-03T15:30:00,0.0,1.42,25.34,20.0,8.7,25.0,33.94,60.51,1011.38,5.28,18.1234,78.5678
NODE_001,2026-06-03T15:45:00,0.0,1.43,26.32,20.0,8.69,25.0,32.74,60.51,1011.94,5.04,18.1234,78.5678
NODE_001,2026-06-03T16:00:00,0.0,1.43,26.79,20.0,8.68,25.0,31.56,62.01,1012.13,5.74,18.1234,78.5678
NODE_001,2026-06-03T16:15:00,0.0,1.44,26.35,20.0,8.67,25.0,31.93,62.01,1012.82,5.84,18.1234,78.5678
NODE_001,2026-06-03T16:30:00,0.0,1.44,25.59,20.0,8.66,25.0,32.48,62.01,1011.73,6.3,18.1234,78.5678
NODE_001,2026-06-03T16:45:00,0.0,1.43,25.42,20.0,8.65,25.0,32.04,62.01,1011.49,5.39,18.1234,78.5678
NODE_001,2026-06-03T17:00:00,0.0,1.44,24.82,20.0,8.64,25.0,31.16,64.39,1012.02,7.42,18.1234,78.5678
NODE_001,2026-06-03T17:15:00,0.0,1.42,24.65,20.0,8.63,25.0,31.7,64.39,1012.42,6.14,18.1234,78.5678
NODE_001,2026-06-03T17:30:00,0.0,1.42,25.04,20.0,8.62,25.0,31.88,64.39,1012.97,6.97,18.1234,78.5678
NODE_001,2026-06-03T17:45:00,0.0,1.41,25.11,20.0,8.61,25.0,31.81,64.39,1012.04,5.29,18.1234,78.5678
NODE_001,2026-06-03T18:00:00,0.0,1.4,25.22,20.0,8.6,25.0,30.04,67.5,1012.04,5.9,18.1234,78.5678
NODE_001,2026-06-03T18:15:00,0.0,1.4,23.77,20.0,8.59,25.0,31.05,67.5,1012.3,8.93,18.1234,78.5678
NODE_001,2026-06-03T18:30:00,0.0,1.42,25.39,20.0,8.58,25.0,30.54,67.5,1012.39,7.77,18.1234,78.5678
NODE_001,2026-06-03T18:45:00,0.0,1.43,25.65,20.0,8.57,25.0,30.6,67.5,1011.85,5.2,18.1234,78.5678
NODE_001,2026-06-03T19:00:00,0.0,1.41,25.08,20.0,8.56,25.0,28.76,71.12,1011.56,5.67,18.1234,78.5678
NODE_001,2026-06-03T19:15:00,0.0,1.42,25.11,20.0,8.55,25.0,28.74,71.12,1010.92,6.38,18.1234,78.5678
NODE_001,2026-06-03T19:30:00,0.0,1.42,25.09,20.0,8.54,25.0,29.42,71.12,1012.0,7.86,18.1234,78.5678
NODE_001,2026-06-03T19:45:00,0.0,1.43,25.63,20.0,8.53,25.0,29.75,71.12,1011.85,8.04,18.1234,78.5678
NODE_001,2026-06-03T20:00:00,0.0,1.43,25.05,20.0,8.52,25.0,27.75,75.0,1011.88,5.77,18.1234,78.5678
NODE_001,2026-06-03T20:15:00,0.0,1.43,25.54,20.0,8.51,25.0,28.01,75.0,1012.0,6.54,18.1234,78.5678
NODE_001,2026-06-03T20:30:00,0.0,1.43,24.8,20.0,8.5,25.0,29.23,75.0,1011.85,7.17,18.1234,78.5678
NODE_001,2026-06-03T20:45:00,0.0,1.44,25.65,20.0,8.49,25.0,27.47,75.0,1011.85,5.69,18.1234,78.5678
NODE_001,2026-06-03T21:00:00,0.0,1.43,25.28,20.0,8.48,25.0,25.8,78.88,1011.68,6.06,18.1234,78.5678
NODE_001,2026-06-03T21:15:00,0.0,1.42,25.29,20.0,8.47,25.0,26.1,78.88,1012.3,6.45,18.1234,78.5678
NODE_001,2026-06-03T21:30:00,0.0,1.42,24.97,20.0,8.46,25.0,26.36,78.88,1011.97,12.91,18.1234,78.5678
NODE_001,2026-06-03T21:45:00,0.0,1.42,24.8,20.0,8.45,25.0,26.4,78.88,1011.85,6.77,18.1234,78.5678
NODE_001,2026-06-03T22:00:00,0.0,1.4,24.9,20.0,8.44,25.0,24.73,82.5,1012.46,6.47,18.1234,78.5678
NODE_001,2026-06-03T22:15:00,0.0,1.41,24.66,20.0,8.43,25.0,24.82,82.5,1011.89,5.69,18.1234,78.5678
NODE_001,2026-06-03T22:30:00,0.0,1.4,23.37,20.0,8.42,25.0,25.94,82.5,1012.38,5.02,18.1234,78.5678
NODE_001,2026-06-03T22:45:00,0.0,1.39,24.39,20.0,8.41,25.0,25.23,82.5,1012.2,6.15,18.1234,78.5678
NODE_001,2026-06-03T23:00:00,0.0,1.4,23.96,20.0,8.4,25.0,23.48,85.61,1013.03,7.79,18.1234,78.5678
NODE_001,2026-06-03T23:15:00,0.0,1.37,23.57,20.0,8.39,25.0,24.24,85.61,1011.56,7.01,18.1234,78.5678
NODE_001,2026-06-03T23:30:00,0.0,1.37,24.16,20.0,8.38,25.0,24.03,85.61,1010.86,7.31,18.1234,78.5678
NODE_001,2026-06-03T23:45:00,0.0,1.37,24.12,20.0,8.37,25.0,24.16,85.61,1012.91,5.44,18.1234,78.5678
NODE_001,2026-06-04T00:00:00,0.0,1.38,24.87,20.0,8.36,25.0,24.38,87.99,1012.61,8.38,18.1234,78.5678
NODE_001,2026-06-04T00:15:00,0.0,1.39,25.01,20.0,8.35,25.0,23.69,87.99,1011.62,5.24,18.1234,78.5678
NODE_001,2026-06-04T00:30:00,0.0,1.38,24.17,20.0,8.34,25.0,23.56,87.99,1012.05,5.13,18.1234,78.5678
NODE_001,2026-06-04T00:45:00,0.0,1.39,24.9,20.0,8.33,25.0,23.0,87.99,1011.51,5.65,18.1234,78.5678
NODE_001,2026-06-04T01:00:00,0.0,1.4,25.06,20.0,8.32,25.0,22.94,89.49,1011.78,5.16,18.1234,78.5678
NODE_001,2026-06-04T01:15:00,0.0,1.39,24.11,20.0,8.31,25.0,23.67,89.49,1011.62,6.47,18.1234,78.5678
NODE_001,2026-06-04T01:30:00,0.0,1.4,25.61,20.0,8.3,25.0,23.31,89.49,1011.54,7.24,18.1234,78.5678
NODE_001,2026-06-04T01:45:00,0.0,1.41,25.88,20.0,8.29,25.0,22.85,89.49,1012.46,10.87,18.1234,78.5678
NODE_001,2026-06-04T02:00:00,0.0,1.41,24.48,20.0,8.28,25.0,23.37,90.0,1012.3,6.6,18.1234,78.5678
NODE_001,2026-06-04T02:15:00,0.0,1.42,25.16,20.0,8.27,25.0,22.48,90.0,1011.02,5.87,18.1234,78.5678
NODE_001,2026-06-04T02:30:00,0.0,1.42,25.61,20.0,8.26,25.0,22.76,90.0,1011.83,5.33,18.1234,78.5678
NODE_001,2026-06-04T02:45:00,0.0,1.43,25.06,20.0,8.25,25.0,23.43,90.0,1011.71,7.96,18.1234,78.5678
NODE_001,2026-06-04T03:00:00,0.0,1.44,26.26,20.0,8.24,25.0,23.78,89.49,1011.93,6.96,18.1234,78.5678
NODE_001,2026-06-04T03:15:00,0.0,1.44,25.61,20.0,8.23,25.0,23.26,89.49,1011.35,11.27,18.1234,78.5678
NODE_001,2026-06-04T03:30:00,0.0,1.45,26.04,20.0,8.22,25.0,23.58,89.49,1012.29,5.36,18.1234,78.5678
NODE_001,2026-06-04T03:45:00,0.0,1.43,25.5,20.0,8.21,25.0,23.32,89.49,1012.85,6.34,18.1234,78.5678
NODE_001,2026-06-04T04:00:00,0.0,1.44,26.2,20.0,8.2,25.0,24.58,87.99,1012.31,8.1,18.1234,78.5678
NODE_001,2026-06-04T04:15:00,0.0,1.45,25.65,20.0,8.19,25.0,23.6,87.99,1011.39,5.01,18.1234,78.5678
NODE_001,2026-06-04T04:30:00,0.0,1.47,26.81,20.0,8.18,25.0,24.31,87.99,1011.79,5.34,18.1234,78.5678
NODE_001,2026-06-04T04:45:00,0.0,1.47,27.41,20.0,8.17,25.0,23.07,87.99,1012.22,5.66,18.1234,78.5678
NODE_001,2026-06-04T05:00:00,0.0,1.48,26.7,20.0,8.16,25.0,23.74,85.61,1011.45,5.24,18.1234,78.5678
NODE_001,2026-06-04T05:15:00,0.0,1.46,27.09,20.0,8.15,25.0,25.33,85.61,1011.8,8.26,18.1234,78.5678
NODE_001,2026-06-04T05:30:00,0.0,1.45,26.53,20.0,8.14,25.0,25.31,85.61,1011.62,5.0,18.1234,78.5678
NODE_001,2026-06-04T05:45:00,0.0,1.45,25.59,20.0,8.13,25.0,24.19,85.61,1013.28,6.54,18.1234,78.5678
NODE_001,2026-06-04T06:00:00,0.0,1.46,26.54,20.0,8.12,25.0,26.43,82.5,1012.94,6.39,18.1234,78.5678
NODE_001,2026-06-04T06:15:00,0.0,1.47,26.25,20.0,8.11,25.0,25.89,82.5,1011.72,6.03,18.1234,78.5678
NODE_001,2026-06-04T06:30:00,0.0,1.46,26.12,20.0,8.1,25.0,25.97,82.5,1012.34,6.09,18.1234,78.5678
NODE_001,2026-06-04T06:45:00,0.0,1.46,25.68,20.0,8.09,25.0,25.14,82.5,1011.07,5.14,18.1234,78.5678
NODE_001,2026-06-04T07:00:00,0.0,1.47,27.02,20.0,8.08,25.0,26.8,78.88,1012.29,5.82,18.1234,78.5678
NODE_001,2026-06-04T07:15:00,0.0,1.48,26.11,20.0,8.07,25.0,26.59,78.88,1011.52,7.75,18.1234,78.5678
NODE_001,2026-06-04T07:30:00,0.0,1.49,26.21,20.0,8.06,25.0,26.08,78.88,1012.17,5.67,18.1234,78.5678
NODE_001,2026-06-04T07:45:00,0.0,1.49,27.29,20.0,8.05,25.0,26.87,78.88,1011.93,5.45,18.1234,78.5678
NODE_001,2026-06-04T08:00:00,0.0,1.48,25.57,20.0,8.04,25.0,27.82,75.0,1012.2,7.43,18.1234,78.5678
NODE_001,2026-06-04T08:15:00,0.0,1.49,27.65,20.0,8.03,25.0,27.99,75.0,1012.89,5.86,18.1234,78.5678
NODE_001,2026-06-04T08:30:00,0.0,1.5,28.08,20.0,8.02,25.0,28.18,75.0,1011.45,5.22,18.1234,78.5678
NODE_001,2026-06-04T08:45:00,0.0,1.5,27.44,20.0,8.01,25.0,27.95,75.0,1011.9,5.46,18.1234,78.5678
NODE_001,2026-06-04T09:00:00,0.0,1.51,27.84,20.0,8.0,25.0,28.87,71.12,1011.54,7.14,18.1234,78.5678
NODE_001,2026-06-04T09:15:00,0.0,1.51,27.41,20.0,7.99,25.0,29.28,71.12,1011.63,5.05,18.1234,78.5678
NODE_001,2026-06-04T09:30:00,0.0,1.51,28.21,20.0,7.98,25.0,28.41,71.12,1011.49,8.45,18.1234,78.5678
NODE_001,2026-06-04T09:45:00,0.0,1.5,27.86,20.0,7.97,25.0,28.51,71.12,1011.74,6.97,18.1234,78.5678
NODE_001,2026-06-04T10:00:00,0.0,1.48,27.63,20.0,7.96,25.0,29.83,67.5,1013.21,10.36,18.1234,78.5678
NODE_001,2026-06-04T10:15:00,0.0,1.49,28.67,20.0,7.95,25.0,30.13,67.5,1011.59,7.85,18.1234,78.5678
NODE_001,2026-06-04T10:30:00,0.0,1.48,27.1,20.0,7.94,25.0,30.35,67.5,1012.08,6.85,18.1234,78.5678
NODE_001,2026-06-04T10:45:00,0.0,1.48,27.91,20.0,7.93,25.0,29.96,67.5,1010.54,5.27,18.1234,78.5678
NODE_001,2026-06-04T11:00:00,0.0,1.48,26.53,20.0,7.92,25.0,32.42,64.39,1011.48,6.18,18.1234,78.5678
NODE_001,2026-06-04T11:15:00,0.0,1.47,26.98,20.0,7.91,25.0,31.44,64.39,1012.69,5.08,18.1234,78.5678
NODE_001,2026-06-04T11:30:00,0.0,1.47,27.52,20.0,7.9,25.0,31.18,64.39,1011.74,5.6,18.1234,78.5678
NODE_001,2026-06-04T11:45:00,0.0,1.47,26.84,20.0,7.89,25.0,31.7,64.39,1011.87,8.18,18.1234,78.5678
NODE_001,2026-06-04T12:00:00,0.0,1.48,26.8,20.0,7.88,25.0,32.49,62.01,1011.98,7.22,18.1234,78.5678
NODE_001,2026-06-04T12:15:00,0.0,1.47,27.27,20.0,7.87,25.0,31.84,62.01,1012.0,6.6,18.1234,78.5678
NODE_001,2026-06-04T12:30:00,0.0,1.49,27.79,20.0,7.86,25.0,31.41,62.01,1012.1,7.36,18.1234,78.5678
NODE_001,2026-06-04T12:45:00,0.0,1.49,26.95,20.0,7.85,25.0,32.71,62.01,1011.9,6.14,18.1234,78.5678
NODE_001,2026-06-04T13:00:00,0.0,1.49,27.04,20.0,7.84,25.0,33.25,60.51,1011.79,8.55,18.1234,78.5678
NODE_001,2026-06-04T13:15:00,0.0,1.51,27.32,20.0,7.83,25.0,32.98,60.51,1012.38,5.25,18.1234,78.5678
NODE_001,2026-06-04T13:30:00,0.0,1.51,28.02,20.0,7.82,25.0,32.93,60.51,1012.12,6.06,18.1234,78.5678
NODE_001,2026-06-04T13:45:00,0.0,1.5,28.19,20.0,7.81,25.0,33.4,60.51,1012.72,5.27,18.1234,78.5678
NODE_001,2026-06-04T14:00:00,0.0,1.51,28.01,20.0,7.8,25.0,33.02,60.0,1011.87,6.12,18.1234,78.5678
NODE_001,2026-06-04T14:15:00,0.0,1.51,28.52,20.0,7.79,25.0,32.6,60.0,1012.3,7.93,18.1234,78.5678
NODE_001,2026-06-04T14:30:00,0.0,1.49,26.87,20.0,7.78,25.0,32.85,60.0,1011.02,7.59,18.1234,78.5678
NODE_001,2026-06-04T14:45:00,0.0,1.5,27.68,20.0,7.77,25.0,32.75,60.0,1012.5,5.29,18.1234,78.5678
NODE_001,2026-06-04T15:00:00,0.0,1.51,27.71,20.0,7.76,25.0,32.55,60.51,1011.79,5.64,18.1234,78.5678
NODE_001,2026-06-04T15:15:00,0.0,1.51,27.95,20.0,7.75,25.0,32.07,60.51,1012.62,7.76,18.1234,78.5678
NODE_001,2026-06-04T15:30:00,0.0,1.51,27.88,20.0,7.74,25.0,33.02,60.51,1011.6,5.59,18.1234,78.5678
NODE_001,2026-06-04T15:45:00,0.0,1.51,27.34,20.0,7.73,25.0,32.63,60.51,1012.26,7.72,18.1234,78.5678
NODE_001,2026-06-04T16:00:00,0.0,1.52,28.22,20.0,7.72,25.0,31.36,62.01,1012.06,5.36,18.1234,78.5678
NODE_001,2026-06-04T16:15:00,0.0,1.52,28.09,20.0,7.71,25.0,32.69,62.01,1012.33,6.64,18.1234,78.5678
NODE_001,2026-06-04T16:30:00,0.0,1.53,28.45,20.0,7.7,25.0,31.85,62.01,1012.08,5.89,18.1234,78.5678
NODE_001,2026-06-04T16:45:00,0.0,1.52,28.25,20.0,7.69,25.0,32.46,62.01,1011.97,5.18,18.1234,78.5678
NODE_001,2026-06-04T17:00:00,0.0,1.53,28.28,20.0,7.68,25.0,31.42,64.39,1012.21,7.93,18.1234,78.5678
NODE_001,2026-06-04T17:15:00,0.0,1.53,29.39,20.0,7.67,25.0,31.98,64.39,1011.74,5.5,18.1234,78.5678
NODE_001,2026-06-04T17:30:00,0.0,1.52,27.57,20.0,7.66,25.0,30.59,64.39,1011.85,6.37,18.1234,78.5678
NODE_001,2026-06-04T17:45:00,0.0,1.52,27.94,20.0,7.65,25.0,31.75,64.39,1012.45,6.35,18.1234,78.5678
NODE_001,2026-06-04T18:00:00,0.0,1.51,28.59,20.0,7.64,25.0,30.54,67.5,1011.77,13.08,18.1234,78.5678
NODE_001,2026-06-04T18:15:00,0.0,1.52,28.52,20.0,7.63,25.0,30.67,67.5,1012.58,5.18,18.1234,78.5678
NODE_001,2026-06-04T18:30:00,0.0,1.52,27.1,20.0,7.62,25.0,30.83,67.5,1013.34,5.84,18.1234,78.5678
NODE_001,2026-06-04T18:45:00,0.0,1.53,29.14,20.0,7.61,25.0,30.94,67.5,1012.11,5.88,18.1234,78.5678
NODE_001,2026-06-04T19:00:00,0.0,1.53,27.93,20.0,7.6,25.0,28.79,71.12,1012.39,6.08,18.1234,78.5678
NODE_001,2026-06-04T19:15:00,0.0,1.52,29.17,20.0,7.59,25.0,29.51,71.12,1012.07,6.38,18.1234,78.5678
NODE_001,2026-06-04T19:30:00,0.0,1.52,28.07,20.0,7.58,25.0,29.24,71.12,1011.91,5.67,18.1234,78.5678
NODE_001,2026-06-04T19:45:00,0.0,1.5,27.96,20.0,7.57,25.0,29.18,71.12,1010.97,5.33,18.1234,78.5678
NODE_001,2026-06-04T20:00:00,0.0,1.5,27.08,20.0,7.56,25.0,27.9,75.0,1012.0,5.01,18.1234,78.5678
NODE_001,2026-06-04T20:15:00,0.0,1.49,27.71,20.0,7.55,25.0,28.24,75.0,1013.36,5.52,18.1234,78.5678
NODE_001,2026-06-04T20:30:00,0.0,1.5,27.69,20.0,7.54,25.0,27.56,75.0,1012.13,5.64,18.1234,78.5678
NODE_001,2026-06-04T20:45:00,0.0,1.48,26.3,20.0,7.53,25.0,27.8,75.0,1011.67,5.75,18.1234,78.5678
NODE_001,2026-06-04T21:00:00,0.0,1.48,27.0,20.0,7.52,25.0,27.09,78.88,1012.76,5.56,18.1234,78.5678
NODE_001,2026-06-04T21:15:00,0.0,1.48,26.38,20.0,7.51,25.0,26.78,78.88,1011.69,6.74,18.1234,78.5678
NODE_001,2026-06-04T21:30:00,0.0,1.47,26.81,20.0,7.5,25.0,26.26,78.88,1011.85,5.82,18.1234,78.5678
NODE_001,2026-06-04T21:45:00,0.0,1.46,27.13,20.0,7.49,25.0,26.96,78.88,1011.91,6.66,18.1234,78.5678
NODE_001,2026-06-04T22:00:00,0.0,1.46,26.41,20.0,7.48,25.0,25.6,82.5,1012.38,8.11,18.1234,78.5678
NODE_001,2026-06-04T22:15:00,0.0,1.46,26.11,20.0,7.47,25.0,25.53,82.5,1011.62,5.23,18.1234,78.5678
NODE_001,2026-06-04T22:30:00,0.0,1.46,25.75,20.0,7.46,25.0,26.84,82.5,1011.75,5.07,18.1234,78.5678
NODE_001,2026-06-04T22:45:00,0.0,1.45,26.95,20.0,7.45,25.0,25.93,82.5,1012.64,7.8,18.1234,78.5678
NODE_001,2026-06-04T23:00:00,0.0,1.46,26.36,20.0,7.44,25.0,23.99,85.61,1011.45,7.34,18.1234,78.5678
NODE_001,2026-06-04T23:15:00,0.0,1.48,26.04,20.0,7.43,25.0,23.55,85.61,1011.65,6.31,18.1234,78.5678
NODE_001,2026-06-04T23:30:00,0.0,1.47,26.41,20.0,7.42,25.0,23.97,85.61,1012.74,5.28,18.1234,78.5678
NODE_001,2026-06-04T23:45:00,0.0,1.48,27.6,20.0,7.41,25.0,23.98,85.62,1011.78,5.04,18.1234,78.5678
NODE_001,2026-06-05T00:00:00,0.0,1.49,27.99,20.0,7.4,25.0,23.59,88.0,1011.64,5.56,18.1234,78.5678
NODE_001,2026-06-05T00:15:00,0.0,1.48,27.01,20.0,7.39,25.0,24.62,88.0,1011.76,5.23,18.1234,78.5678
NODE_001,2026-06-05T00:30:00,0.0,1.48,26.78,20.0,7.38,25.0,23.62,88.0,1012.2,5.07,18.1234,78.5678
NODE_001,2026-06-05T00:45:00,0.0,1.49,26.99,20.0,7.37,25.0,22.77,88.0,1011.82,8.46,18.1234,78.5678
NODE_001,2026-06-05T01:00:00,0.0,1.47,26.85,20.0,7.36,25.0,22.4,89.5,1011.25,5.63,18.1234,78.5678
NODE_001,2026-06-05T01:15:00,0.0,1.46,25.94,20.0,7.35,25.0,23.96,89.51,1012.11,7.7,18.1234,78.5678
NODE_001,2026-06-05T01:30:00,0.0,1.44,25.99,20.0,7.34,25.0,22.54,89.51,1011.56,10.1,18.1234,78.5678
NODE_001,2026-06-05T01:45:00,0.0,1.41,24.73,20.0,7.33,25.0,23.08,89.51,1011.43,6.49,18.1234,78.5678
NODE_001,2026-06-05T02:00:00,0.0,1.4,24.79,20.0,7.32,25.0,23.15,90.03,1012.43,6.28,18.1234,78.5678
NODE_001,2026-06-05T02:15:00,0.0,1.4,24.88,20.0,7.31,25.0,22.98,90.03,1011.7,6.19,18.1234,78.5678
NODE_001,2026-06-05T02:30:00,0.0,1.41,24.67,20.0,7.3,25.0,22.82,90.03,1012.12,7.39,18.1234,78.5678
NODE_001,2026-06-05T02:45:00,0.0,1.42,25.18,20.0,7.29,25.0,22.94,90.04,1011.39,10.97,18.1234,78.5678
NODE_001,2026-06-05T03:00:00,0.0,1.42,25.74,20.0,7.28,25.0,22.45,89.53,1011.55,5.36,18.1234,78.5678
NODE_001,2026-06-05T03:15:00,0.0,1.42,25.2,20.0,7.27,25.0,24.53,89.53,1011.84,8.03,18.1234,78.5678
NODE_001,2026-06-05T03:30:00,0.0,1.42,24.94,20.0,7.26,25.0,23.38,89.54,1012.71,9.72,18.1234,78.5678
NODE_001,2026-06-05T03:45:00,0.0,1.42,23.74,20.0,7.25,25.0,23.75,89.55,1011.86,8.39,18.1234,78.5678
NODE_001,2026-06-05T04:00:00,0.0,1.42,25.2,20.0,7.24,25.0,24.65,88.05,1011.84,6.96,18.1234,78.5678
NODE_001,2026-06-05T04:15:00,0.0,1.43,25.56,20.0,7.23,25.0,24.24,88.05,1011.69,5.52,18.1234,78.5678
NODE_001,2026-06-05T04:30:00,0.0,1.43,25.93,20.0,7.22,25.0,23.93,88.06,1012.31,5.27,18.1234,78.5678
NODE_001,2026-06-05T04:45:00,0.14,1.43,25.22,20.0,7.21,25.0,23.96,88.08,1012.17,6.47,18.1234,78.5678
NODE_001,2026-06-05T05:00:00,0.12,1.41,24.86,20.0,7.2,25.0,24.09,85.69,1011.85,5.22,18.1234,78.5678
NODE_001,2026-06-05T05:15:00,0.06,1.4,24.18,20.0,7.19,25.0,25.19,85.69,1011.95,6.89,18.1234,78.5678
NODE_001,2026-06-05T05:30:00,0.24,1.4,23.51,20.0,7.18,25.0,23.99,85.73,1011.84,8.61,18.1234,78.5678
NODE_001,2026-06-05T05:45:00,0.25,1.39,22.66,20.0,7.17,25.0,24.5,85.71,1011.94,6.45,18.1234,78.5678
NODE_001,2026-06-05T06:00:00,0.24,1.4,23.96,20.0,7.16,25.0,25.59,82.64,1011.58,6.8,18.1234,78.5678
NODE_001,2026-06-05T06:15:00,0.3,1.39,24.32,20.0,7.15,25.0,25.62,82.67,1012.57,6.19,18.1234,78.5678
NODE_001,2026-06-05T06:30:00,0.2,1.39,24.69,20.0,7.14,25.0,24.62,82.65,1012.07,5.16,18.1234,78.5678
NODE_001,2026-06-05T06:45:00,0.22,1.39,24.64,20.0,7.13,25.0,25.19,82.64,1011.91,5.56,18.1234,78.5678
NODE_001,2026-06-05T07:00:00,0.26,1.39,24.57,20.0,7.12,25.0,26.27,79.06,1011.74,5.57,18.1234,78.5678
NODE_001,2026-06-05T07:15:00,0.42,1.39,24.28,20.05,7.11,25.0,26.63,79.12,1012.31,8.74,18.1234,78.5678
NODE_001,2026-06-05T07:30:00,0.32,1.4,25.09,20.06,7.1,25.0,26.41,79.12,1012.63,6.95,18.1234,78.5678
NODE_001,2026-06-05T07:45:00,0.54,1.41,24.8,20.15,7.09,25.0,26.18,79.19,1012.33,5.33,18.1234,78.5678
NODE_001,2026-06-05T08:00:00,0.55,1.41,24.13,20.25,7.08,25.0,27.77,75.33,1010.36,6.09,18.1234,78.5678
NODE_001,2026-06-05T08:15:00,0.51,1.4,24.97,20.34,7.07,25.0,28.62,75.29,1011.65,8.0,18.1234,78.5678
NODE_001,2026-06-05T08:30:00,0.57,1.4,24.16,20.44,7.06,25.0,27.96,75.29,1012.29,5.68,18.1234,78.5678
NODE_001,2026-06-05T08:45:00,0.61,1.41,24.68,20.57,7.05,25.0,28.54,75.4,1011.05,5.96,18.1234,78.5678
NODE_001,2026-06-05T09:00:00,0.62,1.41,24.32,20.7,7.04,25.0,29.6,71.49,1010.88,7.9,18.1234,78.5678
NODE_001,2026-06-05T09:15:00,0.7,1.41,24.8,20.86,7.03,25.0,29.68,71.54,1010.51,6.58,18.1234,78.5678
NODE_001,2026-06-05T09:30:00,0.78,1.41,24.97,21.05,7.02,25.0,29.57,71.61,1012.2,7.49,18.1234,78.5678
NODE_001,2026-06-05T09:45:00,0.71,1.43,24.85,21.21,7.01,25.0,29.18,71.54,1011.81,5.69,18.1234,78.5678
NODE_001,2026-06-05T10:00:00,0.65,1.43,25.67,21.35,7.01,25.0,29.77,67.93,1012.21,10.71,18.1234,78.5678
NODE_001,2026-06-05T10:15:00,1.07,1.42,25.01,21.66,7.0,25.0,29.36,68.14,1011.1,5.88,18.1234,78.5678
NODE_001,2026-06-05T10:30:00,0.86,1.41,24.47,21.88,6.99,25.0,31.33,68.01,1011.93,5.39,18.1234,78.5678
NODE_001,2026-06-05T10:45:00,0.92,1.41,25.15,22.13,6.98,25.0,30.67,68.09,1011.11,7.59,18.1234,78.5678
NODE_001,2026-06-05T11:00:00,1.19,1.41,25.12,22.49,6.97,25.0,32.11,65.08,1010.96,6.0,18.1234,78.5678
NODE_001,2026-06-05T11:15:00,1.23,1.43,24.76,22.86,6.96,25.0,31.7,65.16,1011.8,5.5,18.1234,78.5678
NODE_001,2026-06-05T11:30:00,1.39,1.43,26.24,23.3,6.95,25.0,31.63,65.22,1011.18,5.92,18.1234,78.5678
NODE_001,2026-06-05T11:45:00,1.43,1.43,25.31,23.75,6.94,25.0,31.25,65.29,1011.36,5.75,18.1234,78.5678
NODE_001,2026-06-05T12:00:00,1.88,1.46,25.51,24.38,6.93,25.0,32.62,63.13,1011.28,6.05,18.1234,78.5678
NODE_001,2026-06-05T12:15:00,1.41,1.46,25.92,24.82,6.92,25.0,32.41,62.84,1011.46,5.76,18.1234,78.5678
NODE_001,2026-06-05T12:30:00,1.81,1.45,26.24,25.43,6.91,25.0,32.57,63.07,1010.81,7.1,18.1234,78.5678
NODE_001,2026-06-05T12:45:00,1.89,1.46,26.69,26.06,6.9,25.0,32.33,63.18,1012.0,5.64,18.1234,78.5678
NODE_001,2026-06-05T13:00:00,2.16,1.48,26.82,26.81,6.9,25.0,32.6,61.83,1011.04,5.75,18.1234,78.5678
NODE_001,2026-06-05T13:15:00,1.78,1.49,28.1,27.4,6.89,25.0,32.45,61.6,1010.49,9.36,18.1234,78.5678
NODE_001,2026-06-05T13:30:00,2.68,1.49,27.62,28.35,6.88,25.0,32.53,62.1,1010.99,6.51,18.1234,78.5678
NODE_001,2026-06-05T13:45:00,2.46,1.48,26.78,29.22,6.87,25.0,33.52,61.99,1010.39,6.2,18.1234,78.5678
NODE_001,2026-06-05T14:00:00,3.09,1.5,27.6,30.33,6.86,25.0,33.34,61.79,1010.03,7.26,18.1234,78.5678
NODE_001,2026-06-05T14:15:00,2.43,1.51,27.82,31.18,6.85,25.0,33.39,61.46,1010.88,10.17,18.1234,78.5678
NODE_001,2026-06-05T14:30:00,2.75,1.52,28.01,32.16,6.85,25.0,33.76,61.69,1011.08,6.21,18.1234,78.5678
NODE_001,2026-06-05T14:45:00,2.64,1.53,29.02,33.1,6.84,25.0,33.01,61.57,1011.31,6.63,18.1234,78.5678
NODE_001,2026-06-05T15:00:00,3.47,1.51,28.07,34.37,6.83,25.0,32.29,62.58,1010.14,9.23,18.1234,78.5678
NODE_001,2026-06-05T15:15:00,3.12,1.5,27.98,35.5,6.82,25.0,33.17,62.41,1009.45,6.1,18.1234,78.5678
NODE_001,2026-06-05T15:30:00,3.81,1.52,27.6,36.9,6.81,25.0,32.26,62.76,1010.37,6.74,18.1234,78.5678
NODE_001,2026-06-05T15:45:00,4.01,1.53,29.48,38.38,6.81,25.0,32.6,62.93,1009.82,9.78,18.1234,78.5678
NODE_001,2026-06-05T16:00:00,3.13,1.54,29.52,39.52,6.8,25.0,32.82,63.88,1011.66,6.27,18.1234,78.5678
NODE_001,2026-06-05T16:15:00,4.6,1.55,29.97,41.24,6.79,25.0,31.54,64.78,1010.55,8.36,18.1234,78.5678
NODE_001,2026-06-05T16:30:00,3.91,1.55,29.38,42.68,6.79,25.0,33.89,64.33,1011.0,7.16,18.1234,78.5678
NODE_001,2026-06-05T16:45:00,4.6,1.54,29.1,44.4,6.78,25.0,32.12,64.79,1010.49,8.95,18.1234,78.5678
NODE_001,2026-06-05T17:00:00,4.81,1.54,28.46,46.2,6.77,25.0,31.93,67.28,1010.39,7.57,18.1234,78.5678
NODE_001,2026-06-05T17:15:00,5.02,1.54,29.12,48.09,6.77,25.0,31.18,67.45,1010.68,6.67,18.1234,78.5678
NODE_001,2026-06-05T17:30:00,4.83,1.55,28.73,49.9,6.76,25.0,31.82,67.29,1010.98,9.52,18.1234,78.5678
NODE_001,2026-06-05T17:45:00,4.99,1.54,29.27,51.78,6.76,25.0,31.04,67.4,1009.86,9.61,18.1234,78.5678
NODE_001,2026-06-05T18:00:00,5.46,1.56,29.67,53.84,6.75,25.0,30.3,70.76,1009.51,8.21,18.1234,78.5678
NODE_001,2026-06-05T18:15:00,6.04,1.56,28.63,56.14,6.75,25.0,30.53,71.15,1009.24,7.46,18.1234,78.5678
NODE_001,2026-06-05T18:30:00,5.9,1.56,28.71,58.38,6.75,25.0,31.06,71.04,1009.3,9.19,18.1234,78.5678
NODE_001,2026-06-05T18:45:00,5.98,1.58,30.71,60.65,6.75,25.0,30.28,71.08,1009.53,7.61,18.1234,78.5678
NODE_001,2026-06-05T19:00:00,5.0,1.59,29.85,62.53,6.75,25.0,30.02,74.14,1010.75,6.77,18.1234,78.5678
NODE_001,2026-06-05T19:15:00,5.7,1.6,31.05,64.69,6.75,25.0,28.63,74.54,1009.75,12.12,18.1234,78.5678
NODE_001,2026-06-05T19:30:00,5.75,1.62,30.49,66.87,6.76,25.0,29.81,74.62,1009.11,7.33,18.1234,78.5678
NODE_001,2026-06-05T19:45:00,5.56,1.64,31.71,68.98,6.76,25.0,29.77,74.47,1009.12,11.98,18.1234,78.5678
NODE_001,2026-06-05T20:00:00,6.62,1.67,32.48,71.5,6.77,25.0,27.86,78.93,1010.13,7.56,18.1234,78.5678
NODE_001,2026-06-05T20:15:00,7.02,1.7,34.34,74.19,6.78,25.0,27.21,79.18,1009.67,7.7,18.1234,78.5678
NODE_001,2026-06-05T20:30:00,5.82,1.73,35.02,76.4,6.8,25.0,28.17,78.47,1010.52,8.56,18.1234,78.5678
NODE_001,2026-06-05T20:45:00,6.97,1.76,36.44,79.07,6.81,25.0,27.84,79.15,1008.42,11.95,18.1234,78.5678
NODE_001,2026-06-05T21:00:00,8.09,1.8,37.94,82.18,6.83,25.0,26.2,83.74,1008.33,9.66,18.1234,78.5678
NODE_001,2026-06-05T21:15:00,6.33,1.86,38.97,84.6,6.86,25.0,27.54,82.63,1009.26,7.01,18.1234,78.5678
NODE_001,2026-06-05T21:30:00,7.64,1.91,40.88,87.53,6.89,25.0,27.05,83.45,1009.14,7.46,18.1234,78.5678
NODE_001,2026-06-05T21:45:00,6.42,1.97,43.67,89.98,6.92,25.0,27.56,82.75,1009.27,8.46,18.1234,78.5678
NODE_001,2026-06-05T22:00:00,8.43,2.04,46.53,93.23,6.96,25.0,25.74,87.55,1007.93,9.13,18.1234,78.5678
NODE_001,2026-06-05T22:15:00,7.37,2.13,49.24,96.06,7.0,25.0,25.41,86.89,1008.76,11.14,18.1234,78.5678
NODE_001,2026-06-05T22:30:00,8.51,2.2,52.44,98.0,7.04,25.0,24.81,87.59,1009.16,8.62,18.1234,78.5678
NODE_001,2026-06-05T22:45:00,7.95,2.29,55.64,98.0,7.1,25.0,24.69,87.29,1007.79,9.13,18.1234,78.5678
NODE_001,2026-06-05T23:00:00,6.83,2.37,60.01,98.0,7.16,25.0,24.44,89.7,1008.92,8.2,18.1234,78.5678
NODE_001,2026-06-05T23:15:00,7.96,2.47,63.67,98.0,7.22,25.0,24.11,90.36,1008.59,7.8,18.1234,78.5678
NODE_001,2026-06-05T23:30:00,6.26,2.59,69.27,98.0,7.28,25.0,24.95,89.4,1008.97,7.45,18.1234,78.5678
NODE_001,2026-06-05T23:45:00,7.09,2.68,72.44,98.0,7.34,25.0,24.99,89.85,1008.94,9.6,18.1234,78.5678
NODE_002,2026-06-01T00:00:00,0.0,1.44,25.68,34.88,13.49,30.0,23.83,87.99,1012.35,8.14,18.2345,78.6789
NODE_002,2026-06-01T00:15:00,0.0,1.47,26.9,34.76,13.48,30.0,23.24,87.99,1012.09,5.32,18.2345,78.6789
NODE_002,2026-06-01T00:30:00,0.0,1.47,27.75,34.64,13.47,30.0,24.09,87.99,1012.09,7.07,18.2345,78.6789
NODE_002,2026-06-01T00:45:00,0.0,1.46,25.91,34.52,13.46,30.0,23.1,87.99,1012.24,5.3,18.2345,78.6789
NODE_002,2026-06-01T01:00:00,0.0,1.48,26.59,34.4,13.45,30.0,23.54,89.49,1012.06,5.26,18.2345,78.6789
NODE_002,2026-06-01T01:15:00,0.0,1.48,26.12,34.28,13.44,30.0,22.54,89.49,1011.89,6.1,18.2345,78.6789
NODE_002,2026-06-01T01:30:00,0.0,1.47,27.13,34.16,13.43,30.0,23.47,89.49,1011.93,5.4,18.2345,78.6789
NODE_002,2026-06-01T01:45:00,0.0,1.45,26.58,34.04,13.42,30.0,24.21,89.49,1011.21,6.17,18.2345,78.6789
NODE_002,2026-06-01T02:00:00,0.0,1.44,25.81,33.92,13.41,30.0,23.53,90.0,1012.0,5.8,18.2345,78.6789
NODE_002,2026-06-01T02:15:00,0.0,1.44,25.51,33.8,13.4,30.0,23.46,90.0,1011.49,6.4,18.2345,78.6789
NODE_002,2026-06-01T02:30:00,0.0,1.43,25.87,33.68,13.39,30.0,22.61,90.0,1012.22,5.35,18.2345,78.6789
NODE_002,2026-06-01T02:45:00,0.0,1.42,24.99,33.56,13.38,30.0,22.88,90.0,1012.02,5.82,18.2345,78.6789
NODE_002,2026-06-01T03:00:00,0.0,1.43,25.46,33.44,13.37,30.0,22.79,89.49,1013.01,6.75,18.2345,78.6789
NODE_002,2026-06-01T03:15:00,0.0,1.43,24.4,33.32,13.36,30.0,24.05,89.49,1012.19,7.78,18.2345,78.6789
NODE_002,2026-06-01T03:30:00,0.0,1.44,25.47,33.2,13.35,30.0,23.08,89.49,1011.88,5.3,18.2345,78.6789
NODE_002,2026-06-01T03:45:00,0.0,1.44,25.6,33.08,13.34,30.0,23.14,89.49,1012.62,8.48,18.2345,78.6789
NODE_002,2026-06-01T04:00:00,0.0,1.44,25.45,32.96,13.33,30.0,24.14,87.99,1012.25,5.1,18.2345,78.6789
NODE_002,2026-06-01T04:15:00,0.0,1.44,25.07,32.84,13.32,30.0,23.78,87.99,1012.6,5.85,18.2345,78.6789
NODE_002,2026-06-01T04:30:00,0.0,1.42,24.87,32.72,13.31,30.0,23.33,87.99,1011.37,5.11,18.2345,78.6789
NODE_002,2026-06-01T04:45:00,0.0,1.43,25.46,32.6,13.3,30.0,22.57,87.99,1012.45,6.85,18.2345,78.6789
NODE_002,2026-06-01T05:00:00,0.0,1.45,26.25,32.48,13.29,30.0,25.52,85.61,1012.13,5.1,18.2345,78.6789
NODE_002,2026-06-01T05:15:00,0.0,1.46,25.68,32.36,13.28,30.0,25.19,85.61,1012.35,7.44,18.2345,78.6789
NODE_002,2026-06-01T05:30:00,0.0,1.47,26.48,32.24,13.27,30.0,24.49,85.61,1012.54,7.03,18.2345,78.6789
NODE_002,2026-06-01T05:45:00,0.0,1.48,27.1,32.12,13.26,30.0,24.22,85.61,1012.15,8.58,18.2345,78.6789
NODE_002,2026-06-01T06:00:00,0.0,1.48,26.38,32.0,13.25,30.0,26.22,82.5,1012.39,6.3,18.2345,78.6789
NODE_002,2026-06-01T06:15:00,0.0,1.48,26.49,31.88,13.24,30.0,25.7,82.5,1012.9,5.47,18.2345,78.6789
NODE_002,2026-06-01T06:30:00,0.0,1.47,26.59,31.76,13.23,30.0,25.0,82.5,1011.62,5.83,18.2345,78.6789
NODE_002,2026-06-01T06:45:00,0.0,1.48,27.58,31.64,13.22,30.0,25.95,82.5,1011.55,7.59,18.2345,78.6789
NODE_002,2026-06-01T07:00:00,0.0,1.47,26.75,31.52,13.21,30.0,27.0,78.88,1012.46,5.46,18.2345,78.6789
NODE_002,2026-06-01T07:15:00,0.0,1.46,25.87,31.4,13.2,30.0,26.98,78.88,1011.41,5.32,18.2345,78.6789
NODE_002,2026-06-01T07:30:00,0.0,1.47,26.83,31.28,13.19,30.0,27.06,78.88,1011.24,6.63,18.2345,78.6789
NODE_002,2026-06-01T07:45:00,0.0,1.47,26.24,31.16,13.18,30.0,27.02,78.88,1011.65,5.14,18.2345,78.6789
NODE_002,2026-06-01T08:00:00,0.0,1.47,26.85,31.04,13.17,30.0,28.72,75.0,1011.77,5.45,18.2345,78.6789
NODE_002,2026-06-01T08:15:00,0.0,1.47,26.91,30.92,13.16,30.0,27.22,75.0,1012.05,5.59,18.2345,78.6789
NODE_002,2026-06-01T08:30:00,0.0,1.47,27.14,30.8,13.15,30.0,27.85,75.0,1011.77,6.29,18.2345,78.6789
NODE_002,2026-06-01T08:45:00,0.0,1.47,27.27,30.68,13.14,30.0,28.31,75.0,1011.49,5.03,18.2345,78.6789
NODE_002,2026-06-01T09:00:00,0.0,1.48,27.15,30.56,13.13,30.0,29.0,71.12,1011.09,6.59,18.2345,78.6789
NODE_002,2026-06-01T09:15:00,0.0,1.49,27.64,30.44,13.12,30.0,29.96,71.12,1012.19,6.24,18.2345,78.6789
NODE_002,2026-06-01T09:30:00,0.0,1.5,27.49,30.32,13.11,30.0,29.46,71.12,1012.82,12.01,18.2345,78.6789
NODE_002,2026-06-01T09:45:00,0.0,1.52,28.45,30.2,13.1,30.0,30.08,71.12,1011.59,5.39,18.2345,78.6789
NODE_002,2026-06-01T10:00:00,0.0,1.52,28.54,30.08,13.09,30.0,30.58,67.5,1011.9,6.13,18.2345,78.6789
NODE_002,2026-06-01T10:15:00,0.0,1.52,28.81,29.96,13.08,30.0,30.94,67.5,1011.7,5.91,18.2345,78.6789
NODE_002,2026-06-01T10:30:00,0.0,1.52,29.09,29.84,13.07,30.0,31.09,67.5,1012.28,5.27,18.2345,78.6789
NODE_002,2026-06-01T10:45:00,0.0,1.53,28.68,29.72,13.06,30.0,30.5,67.5,1012.51,5.48,18.2345,78.6789
NODE_002,2026-06-01T11:00:00,0.0,1.53,29.54,29.6,13.05,30.0,31.02,64.39,1011.4,6.83,18.2345,78.6789
NODE_002,2026-06-01T11:15:00,0.0,1.53,28.85,29.48,13.04,30.0,31.27,64.39,1011.83,5.03,18.2345,78.6789
NODE_002,2026-06-01T11:30:00,0.0,1.54,28.71,29.36,13.03,30.0,32.2,64.39,1012.42,7.44,18.2345,78.6789
NODE_002,2026-06-01T11:45:00,0.0,1.53,27.71,29.24,13.02,30.0,31.81,64.39,1010.74,5.25,18.2345,78.6789
NODE_002,2026-06-01T12:00:00,0.0,1.54,28.49,29.12,13.01,30.0,32.6,62.01,1012.08,6.35,18.2345,78.6789
NODE_002,2026-06-01T12:15:00,0.0,1.53,28.99,29.0,13.0,30.0,32.25,62.01,1011.96,5.13,18.2345,78.6789
NODE_002,2026-06-01T12:30:00,0.0,1.54,29.03,28.88,12.99,30.0,32.46,62.01,1012.17,5.36,18.2345,78.6789
NODE_002,2026-06-01T12:45:00,0.0,1.53,28.6,28.76,12.98,30.0,31.93,62.01,1012.45,13.84,18.2345,78.6789
NODE_002,2026-06-01T13:00:00,0.0,1.53,28.11,28.64,12.97,30.0,32.87,60.51,1012.6,5.1,18.2345,78.6789
NODE_002,2026-06-01T13:15:00,0.0,1.52,27.75,28.52,12.96,30.0,32.73,60.51,1011.9,5.11,18.2345,78.6789
NODE_002,2026-06-01T13:30:00,0.0,1.51,27.84,28.4,12.95,30.0,32.48,60.51,1011.14,5.16,18.2345,78.6789
NODE_002,2026-06-01T13:45:00,0.0,1.52,27.76,28.28,12.94,30.0,32.71,60.51,1011.97,5.49,18.2345,78.6789
NODE_002,2026-06-01T14:00:00,0.0,1.51,27.4,28.16,12.93,30.0,33.53,60.0,1011.49,5.21,18.2345,78.6789
NODE_002,2026-06-01T14:15:00,0.0,1.51,27.61,28.04,12.92,30.0,32.35,60.0,1011.77,5.35,18.2345,78.6789
NODE_002,2026-06-01T14:30:00,0.0,1.5,27.63,27.92,12.91,30.0,33.17,60.0,1012.44,5.25,18.2345,78.6789
NODE_002,2026-06-01T14:45:00,0.0,1.48,27.18,27.8,12.9,30.0,32.58,60.0,1012.29,7.44,18.2345,78.6789
NODE_002,2026-06-01T15:00:00,0.0,1.48,26.99,27.68,12.89,30.0,32.3,60.51,1011.42,6.47,18.2345,78.6789
NODE_002,2026-06-01T15:15:00,0.0,1.47,26.17,27.56,12.88,30.0,31.94,60.51,1011.96,5.55,18.2345,78.6789
NODE_002,2026-06-01T15:30:00,0.0,1.49,27.48,27.44,12.87,30.0,31.67,60.51,1012.27,6.65,18.2345,78.6789
NODE_002,2026-06-01T15:45:00,0.0,1.47,26.04,27.32,12.86,30.0,33.01,60.51,1012.2,7.75,18.2345,78.6789
NODE_002,2026-06-01T16:00:00,0.0,1.47,27.21,27.2,12.85,30.0,32.08,62.01,1012.85,6.02,18.2345,78.6789
NODE_002,2026-06-01T16:15:00,0.0,1.46,26.2,27.08,12.84,30.0,32.3,62.01,1012.48,5.78,18.2345,78.6789
NODE_002,2026-06-01T16:30:00,0.0,1.47,27.5,26.96,12.83,30.0,31.35,62.01,1011.75,5.33,18.2345,78.6789
NODE_002,2026-06-01T16:45:00,0.0,1.46,25.44,26.84,12.82,30.0,33.14,62.01,1013.11,5.39,18.2345,78.6789
NODE_002,2026-06-01T17:00:00,0.0,1.47,26.3,26.72,12.81,30.0,31.97,64.39,1011.55,6.27,18.2345,78.6789
NODE_002,2026-06-01T17:15:00,0.0,1.46,26.61,26.6,12.8,30.0,31.12,64.39,1011.7,7.62,18.2345,78.6789
NODE_002,2026-06-01T17:30:00,0.0,1.47,27.15,26.48,12.79,30.0,31.44,64.39,1012.03,5.23,18.2345,78.6789
NODE_002,2026-06-01T17:45:00,0.0,1.46,26.66,26.36,12.78,30.0,31.28,64.39,1011.64,6.22,18.2345,78.6789
NODE_002,2026-06-01T18:00:00,0.0,1.45,26.35,26.24,12.77,30.0,30.73,67.5,1012.26,5.37,18.2345,78.6789
NODE_002,2026-06-01T18:15:00,0.0,1.44,26.02,26.12,12.76,30.0,30.35,67.5,1011.58,5.0,18.2345,78.6789
NODE_002,2026-06-01T18:30:00,0.0,1.45,25.04,26.0,12.75,30.0,30.69,67.5,1012.68,5.25,18.2345,78.6789
NODE_002,2026-06-01T18:45:00,0.0,1.44,25.47,25.88,12.74,30.0,30.21,67.5,1011.98,8.8,18.2345,78.6789
NODE_002,2026-06-01T19:00:00,0.0,1.45,25.76,25.76,12.73,30.0,28.93,71.12,1011.97,5.94,18.2345,78.6789
NODE_002,2026-06-01T19:15:00,0.0,1.45,26.5,25.64,12.72,30.0,29.52,71.12,1010.63,6.36,18.2345,78.6789
NODE_002,2026-06-01T19:30:00,0.0,1.43,25.96,25.52,12.71,30.0,29.11,71.12,1011.7,6.07,18.2345,78.6789
NODE_002,2026-06-01T19:45:00,0.0,1.47,26.79,25.4,12.7,30.0,29.4,71.12,1012.25,5.08,18.2345,78.6789
NODE_002,2026-06-01T20:00:00,0.0,1.47,26.65,25.28,12.69,30.0,27.74,75.0,1012.6,5.26,18.2345,78.6789
NODE_002,2026-06-01T20:15:00,0.0,1.47,26.35,25.16,12.68,30.0,27.79,75.0,1011.72,6.41,18.2345,78.6789
NODE_002,2026-06-01T20:30:00,0.0,1.47,26.32,25.04,12.67,30.0,27.73,75.0,1012.61,5.75,18.2345,78.6789
NODE_002,2026-06-01T20:45:00,0.0,1.48,27.18,24.92,12.66,30.0,28.18,75.0,1011.63,6.7,18.2345,78.6789
NODE_002,2026-06-01T21:00:00,0.0,1.47,26.78,24.8,12.65,30.0,26.76,78.88,1011.68,5.03,18.2345,78.6789
NODE_002,2026-06-01T21:15:00,0.0,1.48,27.19,24.68,12.64,30.0,27.35,78.88,1011.64,5.63,18.2345,78.6789
NODE_002,2026-06-01T21:30:00,0.0,1.46,26.91,24.56,12.63,30.0,26.8,78.88,1012.35,6.7,18.2345,78.6789
NODE_002,2026-06-01T21:45:00,0.0,1.47,27.25,24.44,12.62,30.0,26.48,78.88,1011.56,5.5,18.2345,78.6789
NODE_002,2026-06-01T22:00:00,0.0,1.46,25.52,24.32,12.61,30.0,26.02,82.5,1011.46,5.12,18.2345,78.6789
NODE_002,2026-06-01T22:15:00,0.0,1.46,25.96,24.2,12.6,30.0,25.3,82.5,1012.5,9.11,18.2345,78.6789
NODE_002,2026-06-01T22:30:00,0.0,1.46,26.32,24.08,12.59,30.0,24.92,82.5,1011.45,10.17,18.2345,78.6789
NODE_002,2026-06-01T22:45:00,0.0,1.44,26.19,23.96,12.58,30.0,24.0,82.5,1011.91,6.63,18.2345,78.6789
NODE_002,2026-06-01T23:00:00,0.0,1.44,25.35,23.84,12.57,30.0,24.87,85.61,1012.43,7.55,18.2345,78.6789
NODE_002,2026-06-01T23:15:00,0.0,1.44,25.62,23.72,12.56,30.0,25.34,85.61,1012.47,8.39,18.2345,78.6789
NODE_002,2026-06-01T23:30:00,0.0,1.45,25.77,23.6,12.55,30.0,24.76,85.61,1011.45,5.32,18.2345,78.6789
NODE_002,2026-06-01T23:45:00,0.0,1.45,26.06,23.48,12.54,30.0,23.94,85.61,1012.61,5.19,18.2345,78.6789
NODE_002,2026-06-02T00:00:00,0.0,1.43,24.71,23.36,12.53,30.0,24.53,87.99,1011.97,5.53,18.2345,78.6789
NODE_002,2026-06-02T00:15:00,0.0,1.43,25.86,23.24,12.52,30.0,24.66,87.99,1012.46,5.63,18.2345,78.6789
NODE_002,2026-06-02T00:30:00,0.0,1.44,24.86,23.12,12.51,30.0,24.3,87.99,1012.95,8.43,18.2345,78.6789
NODE_002,2026-06-02T00:45:00,0.0,1.44,25.2,23.0,12.5,30.0,23.19,87.99,1011.94,6.29,18.2345,78.6789
NODE_002,2026-06-02T01:00:00,0.0,1.43,25.55,22.88,12.49,30.0,23.12,89.49,1012.07,7.01,18.2345,78.6789
NODE_002,2026-06-02T01:15:00,0.0,1.43,24.67,22.76,12.48,30.0,23.06,89.49,1011.52,5.28,18.2345,78.6789
NODE_002,2026-06-02T01:30:00,0.0,1.44,25.47,22.64,12.47,30.0,23.46,89.49,1011.97,5.64,18.2345,78.6789
NODE_002,2026-06-02T01:45:00,0.0,1.42,24.35,22.52,12.46,30.0,24.11,89.49,1012.28,5.44,18.2345,78.6789
NODE_002,2026-06-02T02:00:00,0.0,1.43,24.78,22.4,12.45,30.0,23.51,90.0,1012.21,5.97,18.2345,78.6789
NODE_002,2026-06-02T02:15:00,0.0,1.44,25.71,22.28,12.44,30.0,22.3,90.0,1011.71,5.35,18.2345,78.6789
NODE_002,2026-06-02T02:30:00,0.0,1.44,26.32,22.16,12.43,30.0,22.57,90.0,1012.62,5.38,18.2345,78.6789
NODE_002,2026-06-02T02:45:00,0.0,1.45,26.27,22.04,12.42,30.0,22.77,90.0,1011.79,5.92,18.2345,78.6789
NODE_002,2026-06-02T03:00:00,0.0,1.47,25.41,21.92,12.41,30.0,23.08,89.49,1012.17,5.05,18.2345,78.6789
NODE_002,2026-06-02T03:15:00,0.0,1.46,27.2,21.8,12.4,30.0,22.84,89.49,1012.23,10.32,18.2345,78.6789
NODE_002,2026-06-02T03:30:00,0.0,1.45,26.42,21.68,12.39,30.0,23.42,89.49,1011.93,5.19,18.2345,78.6789
NODE_002,2026-06-02T03:45:00,0.0,1.45,25.08,21.56,12.38,30.0,23.25,89.49,1011.71,5.66,18.2345,78.6789
NODE_002,2026-06-02T04:00:00,0.0,1.46,25.61,21.44,12.37,30.0,24.24,87.99,1012.2,6.42,18.2345,78.6789
NODE_002,2026-06-02T04:15:00,0.0,1.45,26.63,21.32,12.36,30.0,23.32,87.99,1011.86,5.8,18.2345,78.6789
NODE_002,2026-06-02T04:30:00,0.0,1.44,26.0,21.2,12.35,30.0,24.31,87.99,1011.92,5.3,18.2345,78.6789
NODE_002,2026-06-02T04:45:00,0.0,1.44,25.76,21.08,12.34,30.0,23.5,87.99,1011.95,5.28,18.2345,78.6789
NODE_002,2026-06-02T05:00:00,0.0,1.42,25.33,20.96,12.33,30.0,24.97,85.61,1012.01,6.97,18.2345,78.6789
NODE_002,2026-06-02T05:15:00,0.0,1.44,26.73,20.84,12.32,30.0,24.81,85.61,1011.37,7.09,18.2345,78.6789
NODE_002,2026-06-02T05:30:00,0.0,1.43,25.7,20.72,12.31,30.0,24.64,85.61,1012.81,7.61,18.2345,78.6789
NODE_002,2026-06-02T05:45:00,0.0,1.44,26.0,20.6,12.3,30.0,24.34,85.61,1012.6,5.85,18.2345,78.6789
NODE_002,2026-06-02T06:00:00,0.0,1.43,24.52,20.48,12.29,30.0,25.39,82.5,1012.33,5.99,18.2345,78.6789
NODE_002,2026-06-02T06:15:00,0.0,1.44,26.48,20.36,12.28,30.0,25.57,82.5,1011.09,5.06,18.2345,78.6789
NODE_002,2026-06-02T06:30:00,0.0,1.43,25.31,20.24,12.27,30.0,25.15,82.5,1012.65,7.46,18.2345,78.6789
NODE_002,2026-06-02T06:45:00,0.0,1.44,25.68,20.12,12.26,30.0,25.79,82.5,1011.65,11.96,18.2345,78.6789
NODE_002,2026-06-02T07:00:00,0.0,1.45,25.32,20.0,12.25,30.0,26.54,78.88,1012.64,5.19,18.2345,78.6789
NODE_002,2026-06-02T07:15:00,0.0,1.43,25.24,20.0,12.24,30.0,26.99,78.88,1012.23,5.81,18.2345,78.6789
NODE_002,2026-06-02T07:30:00,0.0,1.42,25.18,20.0,12.23,30.0,26.54,78.88,1012.75,8.42,18.2345,78.6789
NODE_002,2026-06-02T07:45:00,0.0,1.44,25.59,20.0,12.22,30.0,26.33,78.88,1012.52,5.27,18.2345,78.6789
NODE_002,2026-06-02T08:00:00,0.0,1.44,24.79,20.0,12.21,30.0,27.75,75.0,1011.7,5.06,18.2345,78.6789
NODE_002,2026-06-02T08:15:00,0.0,1.44,25.28,20.0,12.2,30.0,28.66,75.0,1012.04,5.02,18.2345,78.6789
NODE_002,2026-06-02T08:30:00,0.0,1.43,25.5,20.0,12.19,30.0,28.5,75.0,1012.05,5.76,18.2345,78.6789
NODE_002,2026-06-02T08:45:00,0.0,1.42,25.06,20.0,12.18,30.0,28.22,75.0,1012.48,5.48,18.2345,78.6789
NODE_002,2026-06-02T09:00:00,0.0,1.42,25.43,20.0,12.17,30.0,29.68,71.12,1011.68,5.83,18.2345,78.6789
NODE_002,2026-06-02T09:15:00,0.0,1.42,24.02,20.0,12.16,30.0,29.53,71.12,1011.65,7.55,18.2345,78.6789
NODE_002,2026-06-02T09:30:00,0.0,1.41,23.35,20.0,12.15,30.0,28.99,71.12,1012.34,5.08,18.2345,78.6789
NODE_002,2026-06-02T09:45:00,0.0,1.39,24.47,20.0,12.14,30.0,29.11,71.12,1011.48,6.13,18.2345,78.6789
NODE_002,2026-06-02T10:00:00,0.0,1.4,24.35,20.0,12.13,30.0,29.91,67.5,1012.3,5.25,18.2345,78.6789
NODE_002,2026-06-02T10:15:00,0.0,1.38,24.88,20.0,12.12,30.0,30.15,67.5,1011.42,6.71,18.2345,78.6789
NODE_002,2026-06-02T10:30:00,0.0,1.37,23.3,20.0,12.11,30.0,30.07,67.5,1012.26,5.45,18.2345,78.6789
NODE_002,2026-06-02T10:45:00,0.0,1.37,23.95,20.0,12.1,30.0,30.12,67.5,1011.27,6.67,18.2345,78.6789
NODE_002,2026-06-02T11:00:00,0.0,1.38,23.68,20.0,12.09,30.0,32.02,64.39,1011.81,5.25,18.2345,78.6789
NODE_002,2026-06-02T11:15:00,0.0,1.39,24.67,20.0,12.08,30.0,32.2,64.39,1011.4,5.13,18.2345,78.6789
NODE_002,2026-06-02T11:30:00,0.0,1.4,25.6,20.0,12.07,30.0,32.09,64.39,1012.53,5.51,18.2345,78.6789
NODE_002,2026-06-02T11:45:00,0.0,1.38,24.51,20.0,12.06,30.0,31.23,64.39,1011.23,5.6,18.2345,78.6789
NODE_002,2026-06-02T12:00:00,0.0,1.39,23.66,20.0,12.05,30.0,32.43,62.01,1012.46,6.22,18.2345,78.6789
NODE_002,2026-06-02T12:15:00,0.0,1.4,24.18,20.0,12.04,30.0,31.99,62.01,1011.61,8.01,18.2345,78.6789
NODE_002,2026-06-02T12:30:00,0.0,1.41,25.3,20.0,12.03,30.0,32.78,62.01,1012.45,6.39,18.2345,78.6789
NODE_002,2026-06-02T12:45:00,0.0,1.41,25.16,20.0,12.02,30.0,33.22,62.01,1011.17,7.2,18.2345,78.6789
NODE_002,2026-06-02T13:00:00,0.0,1.4,24.57,20.0,12.01,30.0,32.31,60.51,1012.31,7.06,18.2345,78.6789
NODE_002,2026-06-02T13:15:00,0.0,1.41,24.72,20.0,12.0,30.0,32.34,60.51,1011.58,5.98,18.2345,78.6789
NODE_002,2026-06-02T13:30:00,0.0,1.41,24.3,20.0,11.99,30.0,33.1,60.51,1011.84,5.13,18.2345,78.6789
NODE_002,2026-06-02T13:45:00,0.0,1.41,25.02,20.0,11.98,30.0,33.79,60.51,1011.36,5.53,18.2345,78.6789
NODE_002,2026-06-02T14:00:00,0.0,1.43,24.67,20.0,11.97,30.0,33.04,60.0,1012.81,6.04,18.2345,78.6789
NODE_002,2026-06-02T14:15:00,0.0,1.44,25.24,20.0,11.96,30.0,33.53,60.0,1011.91,5.23,18.2345,78.6789
NODE_002,2026-06-02T14:30:00,0.0,1.44,26.13,20.0,11.95,30.0,33.52,60.0,1012.95,8.46,18.2345,78.6789
NODE_002,2026-06-02T14:45:00,0.0,1.44,26.19,20.0,11.94,30.0,33.53,60.0,1012.18,5.53,18.2345,78.6789
NODE_002,2026-06-02T15:00:00,0.0,1.46,25.93,20.0,11.93,30.0,32.26,60.51,1012.61,5.02,18.2345,78.6789
NODE_002,2026-06-02T15:15:00,0.0,1.48,26.57,20.0,11.92,30.0,33.42,60.51,1012.33,5.63,18.2345,78.6789
NODE_002,2026-06-02T15:30:00,0.0,1.47,26.27,20.0,11.91,30.0,32.97,60.51,1012.77,7.27,18.2345,78.6789
NODE_002,2026-06-02T15:45:00,0.0,1.47,27.06,20.0,11.9,30.0,33.51,60.51,1012.59,9.74,18.2345,78.6789
NODE_002,2026-06-02T16:00:00,0.0,1.46,25.7,20.0,11.89,30.0,33.71,62.01,1012.05,5.72,18.2345,78.6789
NODE_002,2026-06-02T16:15:00,0.0,1.46,26.39,20.0,11.88,30.0,33.08,62.01,1011.83,5.57,18.2345,78.6789
NODE_002,2026-06-02T16:30:00,0.0,1.46,27.06,20.0,11.87,30.0,32.47,62.01,1012.53,13.13,18.2345,78.6789
NODE_002,2026-06-02T16:45:00,0.0,1.45,26.68,20.0,11.86,30.0,32.5,62.01,1011.4,5.77,18.2345,78.6789
NODE_002,2026-06-02T17:00:00,0.0,1.45,26.06,20.0,11.85,30.0,32.11,64.39,1011.6,6.5,18.2345,78.6789
NODE_002,2026-06-02T17:15:00,0.0,1.46,26.27,20.0,11.84,30.0,31.02,64.39,1012.55,7.1,18.2345,78.6789
NODE_002,2026-06-02T17:30:00,0.0,1.47,27.74,20.0,11.83,30.0,32.08,64.39,1012.37,5.31,18.2345,78.6789
NODE_002,2026-06-02T17:45:00,0.0,1.48,28.08,20.0,11.82,30.0,31.03,64.39,1011.82,5.2,18.2345,78.6789
NODE_002,2026-06-02T18:00:00,0.0,1.48,26.91,20.0,11.81,30.0,30.18,67.5,1011.57,5.09,18.2345,78.6789
NODE_002,2026-06-02T18:15:00,0.0,1.48,27.85,20.0,11.8,30.0,30.05,67.5,1011.23,6.52,18.2345,78.6789
NODE_002,2026-06-02T18:30:00,0.0,1.47,27.31,20.0,11.79,30.0,30.49,67.5,1011.58,6.43,18.2345,78.6789
NODE_002,2026-06-02T18:45:00,0.0,1.45,26.4,20.0,11.78,30.0,30.79,67.5,1012.7,5.94,18.2345,78.6789
NODE_002,2026-06-02T19:00:00,0.0,1.46,25.82,20.0,11.77,30.0,28.83,71.12,1010.99,8.63,18.2345,78.6789
NODE_002,2026-06-02T19:15:00,0.0,1.48,25.69,20.0,11.76,30.0,29.91,71.12,1011.52,7.12,18.2345,78.6789
NODE_002,2026-06-02T19:30:00,0.0,1.47,26.2,20.0,11.75,30.0,28.7,71.12,1012.11,10.23,18.2345,78.6789
NODE_002,2026-06-02T19:45:00,0.0,1.44,24.82,20.0,11.74,30.0,29.21,71.12,1012.04,5.26,18.2345,78.6789
NODE_002,2026-06-02T20:00:00,0.0,1.44,24.88,20.0,11.73,30.0,27.66,75.0,1011.54,8.22,18.2345,78.6789
NODE_002,2026-06-02T20:15:00,0.0,1.46,26.45,20.0,11.72,30.0,27.32,75.0,1011.65,6.57,18.2345,78.6789
NODE_002,2026-06-02T20:30:00,0.0,1.45,25.35,20.0,11.71,30.0,28.26,75.0,1013.22,6.31,18.2345,78.6789
NODE_002,2026-06-02T20:45:00,0.0,1.45,25.47,20.0,11.7,30.0,27.49,75.0,1011.86,5.27,18.2345,78.6789
NODE_002,2026-06-02T21:00:00,0.0,1.44,25.79,20.0,11.69,30.0,27.04,78.88,1012.04,6.36,18.2345,78.6789
NODE_002,2026-06-02T21:15:00,0.0,1.43,25.58,20.0,11.68,30.0,27.22,78.88,1012.55,6.17,18.2345,78.6789
NODE_002,2026-06-02T21:30:00,0.0,1.44,25.73,20.0,11.67,30.0,26.31,78.88,1011.9,5.53,18.2345,78.6789
NODE_002,2026-06-02T21:45:00,0.0,1.43,25.95,20.0,11.66,30.0,26.67,78.88,1012.99,5.13,18.2345,78.6789
NODE_002,2026-06-02T22:00:00,0.0,1.42,25.36,20.0,11.65,30.0,25.66,82.5,1011.98,6.49,18.2345,78.6789
NODE_002,2026-06-02T22:15:00,0.0,1.42,25.38,20.0,11.64,30.0,25.78,82.5,1012.1,5.2,18.2345,78.6789
NODE_002,2026-06-02T22:30:00,0.0,1.41,25.31,20.0,11.63,30.0,25.09,82.5,1011.95,6.09,18.2345,78.6789
NODE_002,2026-06-02T22:45:00,0.0,1.43,25.29,20.0,11.62,30.0,25.56,82.5,1011.89,7.49,18.2345,78.6789
NODE_002,2026-06-02T23:00:00,0.0,1.42,25.0,20.0,11.61,30.0,24.89,85.61,1011.91,6.55,18.2345,78.6789
NODE_002,2026-06-02T23:15:00,0.0,1.43,25.2,20.0,11.6,30.0,24.39,85.61,1012.42,5.72,18.2345,78.6789
NODE_002,2026-06-02T23:30:00,0.0,1.44,25.84,20.0,11.59,30.0,23.74,85.61,1012.16,5.65,18.2345,78.6789
NODE_002,2026-06-02T23:45:00,0.0,1.45,25.29,20.0,11.58,30.0,25.16,85.61,1012.22,7.3,18.2345,78.6789
NODE_002,2026-06-03T00:00:00,0.0,1.46,26.5,20.0,11.57,30.0,24.54,87.99,1012.03,6.39,18.2345,78.6789
NODE_002,2026-06-03T00:15:00,0.0,1.46,27.0,20.0,11.56,30.0,23.03,87.99,1011.36,5.09,18.2345,78.6789
NODE_002,2026-06-03T00:30:00,0.0,1.46,26.27,20.0,11.55,30.0,23.95,87.99,1011.23,6.65,18.2345,78.6789
NODE_002,2026-06-03T00:45:00,0.0,1.46,25.92,20.0,11.54,30.0,23.27,87.99,1011.81,5.34,18.2345,78.6789
NODE_002,2026-06-03T01:00:00,0.0,1.43,25.98,20.0,11.53,30.0,23.1,89.49,1012.14,5.99,18.2345,78.6789
NODE_002,2026-06-03T01:15:00,0.0,1.42,25.16,20.0,11.52,30.0,22.98,89.49,1012.01,5.1,18.2345,78.6789
NODE_002,2026-06-03T01:30:00,0.0,1.42,25.25,20.0,11.51,30.0,22.8,89.49,1012.51,6.22,18.2345,78.6789
NODE_002,2026-06-03T01:45:00,0.0,1.42,24.97,20.0,11.5,30.0,22.5,89.49,1011.79,9.38,18.2345,78.6789
NODE_002,2026-06-03T02:00:00,0.0,1.42,25.75,20.0,11.49,30.0,23.41,90.0,1011.18,5.67,18.2345,78.6789
NODE_002,2026-06-03T02:15:00,0.0,1.44,24.36,20.0,11.48,30.0,21.95,90.0,1012.58,5.79,18.2345,78.6789
NODE_002,2026-06-03T02:30:00,0.0,1.44,25.37,20.0,11.47,30.0,22.84,90.0,1012.06,6.96,18.2345,78.6789
NODE_002,2026-06-03T02:45:00,0.0,1.44,26.08,20.0,11.46,30.0,22.2,90.0,1011.84,5.3,18.2345,78.6789
NODE_002,2026-06-03T03:00:00,0.0,1.47,26.47,20.0,11.45,30.0,23.69,89.49,1011.3,8.83,18.2345,78.6789
NODE_002,2026-06-03T03:15:00,0.0,1.46,26.61,20.0,11.44,30.0,22.99,89.49,1012.59,12.34,18.2345,78.6789
NODE_002,2026-06-03T03:30:00,0.0,1.47,26.69,20.0,11.43,30.0,23.0,89.49,1011.75,5.76,18.2345,78.6789
NODE_002,2026-06-03T03:45:00,0.0,1.46,26.08,20.0,11.42,30.0,23.14,89.49,1012.25,5.61,18.2345,78.6789
NODE_002,2026-06-03T04:00:00,0.0,1.46,26.03,20.0,11.41,30.0,24.47,87.99,1012.6,7.45,18.2345,78.6789
NODE_002,2026-06-03T04:15:00,0.0,1.44,25.83,20.0,11.4,30.0,23.88,87.99,1012.64,5.77,18.2345,78.6789
NODE_002,2026-06-03T04:30:00,0.0,1.43,25.21,20.0,11.39,30.0,23.67,87.99,1012.2,5.76,18.2345,78.6789
NODE_002,2026-06-03T04:45:00,0.0,1.45,26.7,20.0,11.38,30.0,23.08,87.99,1011.9,5.81,18.2345,78.6789
NODE_002,2026-06-03T05:00:00,0.0,1.46,27.25,20.0,11.37,30.0,23.6,85.61,1011.41,5.96,18.2345,78.6789
NODE_002,2026-06-03T05:15:00,0.0,1.45,26.55,20.0,11.36,30.0,25.26,85.61,1012.34,5.04,18.2345,78.6789
NODE_002,2026-06-03T05:30:00,0.0,1.45,26.76,20.0,11.35,30.0,24.15,85.61,1011.19,6.78,18.2345,78.6789
NODE_002,2026-06-03T05:45:00,0.0,1.47,26.31,20.0,11.34,30.0,24.62,85.61,1012.34,6.0,18.2345,78.6789
NODE_002,2026-06-03T06:00:00,0.0,1.45,25.13,20.0,11.33,30.0,25.19,82.5,1012.9,6.08,18.2345,78.6789
NODE_002,2026-06-03T06:15:00,0.0,1.45,25.64,20.0,11.32,30.0,25.48,82.5,1012.32,5.29,18.2345,78.6789
NODE_002,2026-06-03T06:30:00,0.0,1.47,27.2,20.0,11.31,30.0,25.47,82.5,1012.43,5.78,18.2345,78.6789
NODE_002,2026-06-03T06:45:00,0.0,1.48,27.65,20.0,11.3,30.0,25.53,82.5,1012.11,8.32,18.2345,78.6789
NODE_002,2026-06-03T07:00:00,0.0,1.48,26.23,20.0,11.29,30.0,26.9,78.88,1012.78,8.66,18.2345,78.6789
NODE_002,2026-06-03T07:15:00,0.0,1.47,26.91,20.0,11.28,30.0,26.85,78.88,1011.58,5.43,18.2345,78.6789
NODE_002,2026-06-03T07:30:00,0.0,1.49,27.24,20.0,11.27,30.0,25.79,78.88,1011.22,6.43,18.2345,78.6789
NODE_002,2026-06-03T07:45:00,0.0,1.48,27.56,20.0,11.26,30.0,26.06,78.88,1011.65,5.77,18.2345,78.6789
NODE_002,2026-06-03T08:00:00,0.0,1.49,27.8,20.0,11.25,30.0,28.59,75.0,1011.95,6.25,18.2345,78.6789
NODE_002,2026-06-03T08:15:00,0.0,1.5,27.32,20.0,11.24,30.0,28.57,75.0,1011.51,8.18,18.2345,78.6789
NODE_002,2026-06-03T08:30:00,0.0,1.49,28.33,20.0,11.23,30.0,28.23,75.0,1011.76,7.94,18.2345,78.6789
NODE_002,2026-06-03T08:45:00,0.0,1.48,26.63,20.0,11.22,30.0,28.0,75.0,1012.39,7.14,18.2345,78.6789
NODE_002,2026-06-03T09:00:00,0.0,1.48,27.42,20.0,11.21,30.0,28.45,71.12,1012.28,5.54,18.2345,78.6789
NODE_002,2026-06-03T09:15:00,0.0,1.48,27.22,20.0,11.2,30.0,29.66,71.12,1011.51,6.67,18.2345,78.6789
NODE_002,2026-06-03T09:30:00,0.0,1.47,27.44,20.0,11.19,30.0,30.11,71.12,1012.01,5.56,18.2345,78.6789
NODE_002,2026-06-03T09:45:00,0.0,1.47,26.29,20.0,11.18,30.0,28.82,71.12,1011.58,5.78,18.2345,78.6789
NODE_002,2026-06-03T10:00:00,0.0,1.47,26.92,20.0,11.17,30.0,30.18,67.5,1012.05,5.69,18.2345,78.6789
NODE_002,2026-06-03T10:15:00,0.0,1.48,26.05,20.0,11.16,30.0,30.63,67.5,1011.83,9.7,18.2345,78.6789
NODE_002,2026-06-03T10:30:00,0.0,1.47,26.16,20.0,11.15,30.0,29.92,67.5,1011.99,5.17,18.2345,78.6789
NODE_002,2026-06-03T10:45:00,0.0,1.47,26.33,20.0,11.14,30.0,29.94,67.5,1012.13,5.54,18.2345,78.6789
NODE_002,2026-06-03T11:00:00,0.0,1.47,26.64,20.0,11.13,30.0,31.75,64.39,1012.17,6.72,18.2345,78.6789
NODE_002,2026-06-03T11:15:00,0.0,1.49,27.79,20.0,11.12,30.0,30.49,64.39,1012.08,5.19,18.2345,78.6789
NODE_002,2026-06-03T11:30:00,0.0,1.49,27.74,20.0,11.11,30.0,31.23,64.39,1011.94,6.63,18.2345,78.6789
NODE_002,2026-06-03T11:45:00,0.0,1.5,27.64,20.0,11.1,30.0,31.83,64.39,1011.93,7.93,18.2345,78.6789
NODE_002,2026-06-03T12:00:00,0.0,1.51,27.73,20.0,11.09,30.0,31.97,62.01,1012.42,5.44,18.2345,78.6789
NODE_002,2026-06-03T12:15:00,0.0,1.5,27.5,20.0,11.08,30.0,32.37,62.01,1012.04,5.97,18.2345,78.6789
NODE_002,2026-06-03T12:30:00,0.0,1.5,27.84,20.0,11.07,30.0,32.86,62.01,1012.17,6.19,18.2345,78.6789
NODE_002,2026-06-03T12:45:00,0.0,1.5,27.77,20.0,11.06,30.0,31.9,62.01,1013.24,5.93,18.2345,78.6789
NODE_002,2026-06-03T13:00:00,0.0,1.5,28.25,20.0,11.05,30.0,33.02,60.51,1011.7,7.74,18.2345,78.6789
NODE_002,2026-06-03T13:15:00,0.0,1.5,27.4,20.0,11.04,30.0,33.36,60.51,1012.44,6.94,18.2345,78.6789
NODE_002,2026-06-03T13:30:00,0.0,1.5,27.07,20.0,11.03,30.0,32.37,60.51,1012.04,6.5,18.2345,78.6789
NODE_002,2026-06-03T13:45:00,0.0,1.5,27.08,20.0,11.02,30.0,32.41,60.51,1011.93,7.24,18.2345,78.6789
NODE_002,2026-06-03T14:00:00,0.0,1.5,26.75,20.0,11.01,30.0,32.85,60.0,1012.01,10.58,18.2345,78.6789
NODE_002,2026-06-03T14:15:00,0.0,1.47,26.79,20.0,11.0,30.0,32.34,60.0,1012.14,5.87,18.2345,78.6789
NODE_002,2026-06-03T14:30:00,0.0,1.47,26.68,20.0,10.99,30.0,33.52,60.0,1011.43,11.09,18.2345,78.6789
NODE_002,2026-06-03T14:45:00,0.0,1.49,27.97,20.0,10.98,30.0,32.95,60.0,1012.5,5.8,18.2345,78.6789
NODE_002,2026-06-03T15:00:00,0.0,1.48,26.5,20.0,10.97,30.0,32.64,60.51,1012.26,6.57,18.2345,78.6789
NODE_002,2026-06-03T15:15:00,0.0,1.48,27.27,20.0,10.96,30.0,31.67,60.51,1012.43,6.08,18.2345,78.6789
NODE_002,2026-06-03T15:30:00,0.0,1.48,26.57,20.0,10.95,30.0,31.99,60.51,1012.0,8.8,18.2345,78.6789
NODE_002,2026-06-03T15:45:00,0.0,1.46,26.61,20.0,10.94,30.0,32.75,60.51,1011.81,5.37,18.2345,78.6789
NODE_002,2026-06-03T16:00:00,0.0,1.46,25.78,20.0,10.93,30.0,32.67,62.01,1012.07,8.96,18.2345,78.6789
NODE_002,2026-06-03T16:15:00,0.0,1.46,27.05,20.0,10.92,30.0,32.24,62.01,1010.91,5.7,18.2345,78.6789
NODE_002,2026-06-03T16:30:00,0.0,1.45,25.83,20.0,10.91,30.0,32.73,62.01,1011.95,7.43,18.2345,78.6789
NODE_002,2026-06-03T16:45:00,0.0,1.47,26.68,20.0,10.9,30.0,31.35,62.01,1012.05,7.96,18.2345,78.6789
NODE_002,2026-06-03T17:00:00,0.0,1.48,26.45,20.0,10.89,30.0,32.29,64.39,1011.99,11.5,18.2345,78.6789
NODE_002,2026-06-03T17:15:00,0.0,1.48,26.98,20.0,10.88,30.0,31.95,64.39,1012.11,7.92,18.2345,78.6789
NODE_002,2026-06-03T17:30:00,0.0,1.47,27.16,20.0,10.87,30.0,31.25,64.39,1011.29,7.56,18.2345,78.6789
NODE_002,2026-06-03T17:45:00,0.0,1.46,26.53,20.0,10.86,30.0,31.29,64.39,1011.61,5.11,18.2345,78.6789
NODE_002,2026-06-03T18:00:00,0.0,1.45,24.86,20.0,10.85,30.0,29.84,67.5,1011.67,5.71,18.2345,78.6789
NODE_002,2026-06-03T18:15:00,0.0,1.44,25.34,20.0,10.84,30.0,30.46,67.5,1011.92,5.53,18.2345,78.6789
NODE_002,2026-06-03T18:30:00,0.0,1.44,25.98,20.0,10.83,30.0,30.25,67.5,1011.81,6.51,18.2345,78.6789
NODE_002,2026-06-03T18:45:00,0.0,1.44,26.54,20.0,10.82,30.0,31.15,67.5,1012.29,5.28,18.2345,78.6789
NODE_002,2026-06-03T19:00:00,0.0,1.43,24.8,20.0,10.81,30.0,29.33,71.12,1011.68,5.51,18.2345,78.6789
NODE_002,2026-06-03T19:15:00,0.0,1.43,25.29,20.0,10.8,30.0,28.49,71.12,1011.39,6.76,18.2345,78.6789
NODE_002,2026-06-03T19:30:00,0.0,1.43,25.06,20.0,10.79,30.0,28.85,71.12,1012.72,7.02,18.2345,78.6789
NODE_002,2026-06-03T19:45:00,0.0,1.44,25.34,20.0,10.78,30.0,29.5,71.12,1011.57,5.71,18.2345,78.6789
NODE_002,2026-06-03T20:00:00,0.0,1.44,25.52,20.0,10.77,30.0,27.95,75.0,1011.93,5.07,18.2345,78.6789
NODE_002,2026-06-03T20:15:00,0.0,1.44,26.46,20.0,10.76,30.0,27.41,75.0,1011.8,10.97,18.2345,78.6789
NODE_002,2026-06-03T20:30:00,0.0,1.43,25.95,20.0,10.75,30.0,27.72,75.0,1012.6,5.32,18.2345,78.6789
NODE_002,2026-06-03T20:45:00,0.0,1.42,24.51,20.0,10.74,30.0,28.24,75.0,1011.9,5.56,18.2345,78.6789
NODE_002,2026-06-03T21:00:00,0.0,1.41,24.42,20.0,10.73,30.0,27.37,78.88,1012.15,7.53,18.2345,78.6789
NODE_002,2026-06-03T21:15:00,0.0,1.41,25.3,20.0,10.72,30.0,26.55,78.88,1011.69,5.53,18.2345,78.6789
NODE_002,2026-06-03T21:30:00,0.0,1.42,25.07,20.0,10.71,30.0,27.54,78.88,1011.51,7.61,18.2345,78.6789
NODE_002,2026-06-03T21:45:00,0.0,1.43,25.14,20.0,10.7,30.0,25.99,78.88,1011.74,5.17,18.2345,78.6789
NODE_002,2026-06-03T22:00:00,0.0,1.44,24.96,20.0,10.69,30.0,25.9,82.5,1011.45,5.09,18.2345,78.6789
NODE_002,2026-06-03T22:15:00,0.0,1.44,25.33,20.0,10.68,30.0,25.8,82.5,1011.64,5.24,18.2345,78.6789
NODE_002,2026-06-03T22:30:00,0.0,1.44,25.75,20.0,10.67,30.0,25.37,82.5,1011.47,5.55,18.2345,78.6789
NODE_002,2026-06-03T22:45:00,0.0,1.45,25.66,20.0,10.66,30.0,26.33,82.5,1012.07,6.15,18.2345,78.6789
NODE_002,2026-06-03T23:00:00,0.0,1.45,25.7,20.0,10.65,30.0,24.25,85.61,1011.88,5.7,18.2345,78.6789
NODE_002,2026-06-03T23:15:00,0.0,1.45,26.02,20.0,10.64,30.0,25.06,85.61,1012.48,5.08,18.2345,78.6789
NODE_002,2026-06-03T23:30:00,0.0,1.44,24.96,20.0,10.63,30.0,23.63,85.61,1012.37,8.77,18.2345,78.6789
NODE_002,2026-06-03T23:45:00,0.0,1.45,26.39,20.0,10.62,30.0,24.02,85.61,1011.97,6.01,18.2345,78.6789
NODE_002,2026-06-04T00:00:00,0.0,1.45,25.75,20.0,10.61,30.0,23.54,87.99,1012.76,7.51,18.2345,78.6789
NODE_002,2026-06-04T00:15:00,0.0,1.46,26.53,20.0,10.6,30.0,22.72,87.99,1011.8,7.37,18.2345,78.6789
NODE_002,2026-06-04T00:30:00,0.0,1.47,26.35,20.0,10.59,30.0,23.96,87.99,1012.39,7.8,18.2345,78.6789
NODE_002,2026-06-04T00:45:00,0.0,1.46,25.95,20.0,10.58,30.0,23.6,87.99,1012.83,5.9,18.2345,78.6789
NODE_002,2026-06-04T01:00:00,0.0,1.46,25.75,20.0,10.57,30.0,23.82,89.49,1011.43,7.08,18.2345,78.6789
NODE_002,2026-06-04T01:15:00,0.0,1.46,25.75,20.0,10.56,30.0,23.28,89.49,1012.5,5.99,18.2345,78.6789
NODE_002,2026-06-04T01:30:00,0.0,1.46,26.3,20.0,10.55,30.0,21.88,89.49,1012.03,6.84,18.2345,78.6789
NODE_002,2026-06-04T01:45:00,0.0,1.46,26.73,20.0,10.54,30.0,22.36,89.49,1011.87,5.0,18.2345,78.6789
NODE_002,2026-06-04T02:00:00,0.0,1.47,27.05,20.0,10.53,30.0,22.41,90.0,1012.09,5.25,18.2345,78.6789
NODE_002,2026-06-04T02:15:00,0.0,1.48,25.99,20.0,10.52,30.0,23.76,90.0,1012.44,10.56,18.2345,78.6789
NODE_002,2026-06-04T02:30:00,0.0,1.48,26.78,20.0,10.51,30.0,23.43,90.0,1011.71,8.42,18.2345,78.6789
NODE_002,2026-06-04T02:45:00,0.0,1.49,27.89,20.0,10.5,30.0,22.61,90.0,1012.19,5.75,18.2345,78.6789
NODE_002,2026-06-04T03:00:00,0.0,1.49,27.44,20.0,10.49,30.0,23.13,89.49,1012.43,5.14,18.2345,78.6789
NODE_002,2026-06-04T03:15:00,0.0,1.47,26.91,20.0,10.48,30.0,23.38,89.49,1011.86,5.27,18.2345,78.6789
NODE_002,2026-06-04T03:30:00,0.0,1.48,26.84,20.0,10.47,30.0,24.09,89.49,1011.42,5.36,18.2345,78.6789
NODE_002,2026-06-04T03:45:00,0.0,1.48,27.22,20.0,10.46,30.0,23.05,89.49,1012.56,6.65,18.2345,78.6789
NODE_002,2026-06-04T04:00:00,0.0,1.48,26.65,20.0,10.45,30.0,23.63,87.99,1012.17,6.12,18.2345,78.6789
NODE_002,2026-06-04T04:15:00,0.0,1.46,25.78,20.0,10.44,30.0,23.85,87.99,1012.16,6.25,18.2345,78.6789
NODE_002,2026-06-04T04:30:00,0.0,1.45,26.07,20.0,10.43,30.0,23.84,87.99,1012.73,10.25,18.2345,78.6789
NODE_002,2026-06-04T04:45:00,0.0,1.46,26.89,20.0,10.42,30.0,23.77,87.99,1012.25,5.32,18.2345,78.6789
NODE_002,2026-06-04T05:00:00,0.0,1.48,27.2,20.0,10.41,30.0,25.22,85.61,1011.88,6.13,18.2345,78.6789
NODE_002,2026-06-04T05:15:00,0.0,1.48,26.82,20.0,10.4,30.0,23.42,85.61,1012.28,5.31,18.2345,78.6789
NODE_002,2026-06-04T05:30:00,0.0,1.5,26.46,20.0,10.39,30.0,24.05,85.61,1011.62,5.49,18.2345,78.6789
NODE_002,2026-06-04T05:45:00,0.0,1.5,27.41,20.0,10.38,30.0,24.84,85.61,1010.97,7.0,18.2345,78.6789
NODE_002,2026-06-04T06:00:00,0.0,1.49,28.14,20.0,10.37,30.0,25.23,82.5,1012.3,5.02,18.2345,78.6789
NODE_002,2026-06-04T06:15:00,0.0,1.49,28.48,20.0,10.36,30.0,25.68,82.5,1011.57,10.39,18.2345,78.6789
NODE_002,2026-06-04T06:30:00,0.0,1.47,26.52,20.0,10.35,30.0,25.69,82.5,1011.95,5.84,18.2345,78.6789
NODE_002,2026-06-04T06:45:00,0.0,1.46,26.38,20.0,10.34,30.0,25.82,82.5,1012.01,7.2,18.2345,78.6789
NODE_002,2026-06-04T07:00:00,0.0,1.46,25.99,20.0,10.33,30.0,26.37,78.88,1012.59,5.46,18.2345,78.6789
NODE_002,2026-06-04T07:15:00,0.0,1.44,25.19,20.0,10.32,30.0,26.66,78.88,1013.08,6.27,18.2345,78.6789
NODE_002,2026-06-04T07:30:00,0.0,1.43,26.37,20.0,10.31,30.0,26.14,78.88,1011.86,5.16,18.2345,78.6789
NODE_002,2026-06-04T07:45:00,0.0,1.42,25.96,20.0,10.3,30.0,27.11,78.88,1012.43,5.91,18.2345,78.6789
NODE_002,2026-06-04T08:00:00,0.0,1.41,24.81,20.0,10.29,30.0,27.94,75.0,1011.52,8.88,18.2345,78.6789
NODE_002,2026-06-04T08:15:00,0.0,1.42,24.68,20.0,10.28,30.0,27.66,75.0,1012.1,6.19,18.2345,78.6789
NODE_002,2026-06-04T08:30:00,0.0,1.43,25.37,20.0,10.27,30.0,27.38,75.0,1012.1,6.08,18.2345,78.6789
NODE_002,2026-06-04T08:45:00,0.0,1.43,25.54,20.0,10.26,30.0,28.2,75.0,1011.63,6.72,18.2345,78.6789
NODE_002,2026-06-04T09:00:00,0.0,1.42,25.67,20.0,10.25,30.0,29.65,71.12,1012.11,7.18,18.2345,78.6789
NODE_002,2026-06-04T09:15:00,0.0,1.42,25.09,20.0,10.24,30.0,29.18,71.12,1012.37,6.47,18.2345,78.6789
NODE_002,2026-06-04T09:30:00,0.0,1.44,25.92,20.0,10.23,30.0,28.91,71.12,1012.38,5.54,18.2345,78.6789
NODE_002,2026-06-04T09:45:00,0.0,1.43,25.54,20.0,10.22,30.0,28.94,71.12,1011.23,6.44,18.2345,78.6789
NODE_002,2026-06-04T10:00:00,0.0,1.43,25.37,20.0,10.21,30.0,30.38,67.5,1011.41,11.27,18.2345,78.6789
NODE_002,2026-06-04T10:15:00,0.0,1.43,25.18,20.0,10.2,30.0,30.35,67.5,1012.32,5.83,18.2345,78.6789
NODE_002,2026-06-04T10:30:00,0.0,1.42,25.65,20.0,10.19,30.0,30.52,67.5,1011.97,7.54,18.2345,78.6789
NODE_002,2026-06-04T10:45:00,0.0,1.42,25.2,20.0,10.18,30.0,30.54,67.5,1012.57,5.22,18.2345,78.6789
NODE_002,2026-06-04T11:00:00,0.0,1.42,25.69,20.0,10.17,30.0,31.74,64.39,1012.28,5.48,18.2345,78.6789
NODE_002,2026-06-04T11:15:00,0.0,1.41,24.84,20.0,10.16,30.0,31.02,64.39,1012.3,7.01,18.2345,78.6789
NODE_002,2026-06-04T11:30:00,0.0,1.4,25.29,20.0,10.15,30.0,31.22,64.39,1011.51,11.11,18.2345,78.6789
NODE_002,2026-06-04T11:45:00,0.0,1.41,25.24,20.0,10.14,30.0,31.98,64.39,1011.97,7.43,18.2345,78.6789
NODE_002,2026-06-04T12:00:00,0.0,1.39,25.19,20.0,10.13,30.0,32.24,62.01,1011.66,7.12,18.2345,78.6789
NODE_002,2026-06-04T12:15:00,0.0,1.4,24.54,20.0,10.12,30.0,31.56,62.01,1011.58,5.09,18.2345,78.6789
NODE_002,2026-06-04T12:30:00,0.0,1.39,24.67,20.0,10.11,30.0,31.39,62.01,1011.42,5.09,18.2345,78.6789
NODE_002,2026-06-04T12:45:00,0.0,1.4,24.14,20.0,10.1,30.0,32.43,62.01,1012.84,5.82,18.2345,78.6789
NODE_002,2026-06-04T13:00:00,0.0,1.4,24.54,20.0,10.09,30.0,33.66,60.51,1011.86,5.69,18.2345,78.6789
NODE_002,2026-06-04T13:15:00,0.0,1.41,24.92,20.0,10.08,30.0,33.0,60.51,1012.13,6.31,18.2345,78.6789
NODE_002,2026-06-04T13:30:00,0.0,1.4,24.34,20.0,10.07,30.0,32.99,60.51,1010.82,10.1,18.2345,78.6789
NODE_002,2026-06-04T13:45:00,0.0,1.4,25.11,20.0,10.06,30.0,32.95,60.51,1011.62,6.2,18.2345,78.6789
NODE_002,2026-06-04T14:00:00,0.0,1.42,25.02,20.0,10.05,30.0,32.89,60.0,1012.11,5.08,18.2345,78.6789
NODE_002,2026-06-04T14:15:00,0.0,1.41,24.85,20.0,10.04,30.0,33.24,60.0,1012.57,5.55,18.2345,78.6789
NODE_002,2026-06-04T14:30:00,0.0,1.43,25.22,20.0,10.03,30.0,32.88,60.0,1011.92,5.39,18.2345,78.6789
NODE_002,2026-06-04T14:45:00,0.0,1.43,26.35,20.0,10.02,30.0,32.52,60.0,1011.34,8.33,18.2345,78.6789
NODE_002,2026-06-04T15:00:00,0.0,1.44,25.51,20.0,10.01,30.0,32.66,60.51,1011.51,5.31,18.2345,78.6789
NODE_002,2026-06-04T15:15:00,0.0,1.46,26.53,20.0,10.0,30.0,33.01,60.51,1011.35,5.04,18.2345,78.6789
NODE_002,2026-06-04T15:30:00,0.0,1.49,27.67,20.0,9.99,30.0,32.96,60.51,1011.15,5.74,18.2345,78.6789
NODE_002,2026-06-04T15:45:00,0.0,1.49,27.38,20.0,9.98,30.0,32.05,60.51,1012.01,5.9,18.2345,78.6789
NODE_002,2026-06-04T16:00:00,0.0,1.47,26.81,20.0,9.97,30.0,31.79,62.01,1011.66,15.08,18.2345,78.6789
NODE_002,2026-06-04T16:15:00,0.0,1.46,25.95,20.0,9.96,30.0,32.02,62.01,1011.9,6.07,18.2345,78.6789
NODE_002,2026-06-04T16:30:00,0.0,1.47,26.52,20.0,9.95,30.0,31.77,62.01,1011.92,6.27,18.2345,78.6789
NODE_002,2026-06-04T16:45:00,0.0,1.45,26.15,20.0,9.94,30.0,32.61,62.01,1011.83,6.77,18.2345,78.6789
NODE_002,2026-06-04T17:00:00,0.0,1.44,25.88,20.0,9.93,30.0,30.63,64.39,1011.41,10.69,18.2345,78.6789
NODE_002,2026-06-04T17:15:00,0.0,1.43,25.57,20.0,9.92,30.0,32.12,64.39,1012.12,6.78,18.2345,78.6789
NODE_002,2026-06-04T17:30:00,0.0,1.42,24.47,20.0,9.91,30.0,31.54,64.39,1012.64,5.28,18.2345,78.6789
NODE_002,2026-06-04T17:45:00,0.0,1.44,24.79,20.0,9.9,30.0,30.95,64.39,1011.96,7.37,18.2345,78.6789
NODE_002,2026-06-04T18:00:00,0.0,1.43,25.58,20.0,9.89,30.0,30.95,67.5,1011.62,6.05,18.2345,78.6789
NODE_002,2026-06-04T18:15:00,0.0,1.44,25.75,20.0,9.88,30.0,31.6,67.5,1012.04,7.99,18.2345,78.6789
NODE_002,2026-06-04T18:30:00,0.0,1.44,25.79,20.0,9.87,30.0,29.95,67.5,1012.82,5.7,18.2345,78.6789
NODE_002,2026-06-04T18:45:00,0.0,1.45,26.38,20.0,9.86,30.0,30.06,67.5,1011.81,10.11,18.2345,78.6789
NODE_002,2026-06-04T19:00:00,0.0,1.44,25.26,20.0,9.85,30.0,29.15,71.12,1011.06,6.12,18.2345,78.6789
NODE_002,2026-06-04T19:15:00,0.0,1.43,24.44,20.0,9.84,30.0,29.76,71.12,1011.21,5.57,18.2345,78.6789
NODE_002,2026-06-04T19:30:00,0.0,1.41,25.41,20.0,9.83,30.0,29.24,71.12,1011.34,6.29,18.2345,78.6789
NODE_002,2026-06-04T19:45:00,0.0,1.4,25.43,20.0,9.82,30.0,29.78,71.12,1012.13,5.1,18.2345,78.6789
NODE_002,2026-06-04T20:00:00,0.0,1.42,25.65,20.0,9.81,30.0,28.3,75.0,1011.93,5.37,18.2345,78.6789
NODE_002,2026-06-04T20:15:00,0.0,1.41,24.65,20.0,9.8,30.0,27.24,75.0,1011.81,5.41,18.2345,78.6789
NODE_002,2026-06-04T20:30:00,0.0,1.4,24.2,20.0,9.79,30.0,27.32,75.0,1011.71,5.74,18.2345,78.6789
NODE_002,2026-06-04T20:45:00,0.0,1.39,24.53,20.0,9.78,30.0,28.37,75.0,1011.43,6.06,18.2345,78.6789
NODE_002,2026-06-04T21:00:00,0.0,1.38,24.08,20.0,9.77,30.0,26.9,78.88,1012.7,5.56,18.2345,78.6789
NODE_002,2026-06-04T21:15:00,0.0,1.37,23.39,20.0,9.76,30.0,26.54,78.88,1011.14,6.77,18.2345,78.6789
NODE_002,2026-06-04T21:30:00,0.0,1.36,23.64,20.0,9.75,30.0,27.22,78.88,1011.77,6.95,18.2345,78.6789
NODE_002,2026-06-04T21:45:00,0.0,1.37,22.77,20.0,9.74,30.0,26.13,78.88,1012.21,5.48,18.2345,78.6789
NODE_002,2026-06-04T22:00:00,0.0,1.38,23.79,20.0,9.73,30.0,25.34,82.5,1012.08,6.5,18.2345,78.6789
NODE_002,2026-06-04T22:15:00,0.0,1.39,23.11,20.0,9.72,30.0,25.51,82.5,1011.02,5.3,18.2345,78.6789
NODE_002,2026-06-04T22:30:00,0.0,1.39,24.33,20.0,9.71,30.0,25.52,82.5,1011.45,8.94,18.2345,78.6789
NODE_002,2026-06-04T22:45:00,0.0,1.39,24.48,20.0,9.7,30.0,25.86,82.5,1012.32,7.19,18.2345,78.6789
NODE_002,2026-06-04T23:00:00,0.0,1.4,24.38,20.0,9.69,30.0,24.05,85.61,1012.93,5.92,18.2345,78.6789
NODE_002,2026-06-04T23:15:00,0.0,1.4,23.88,20.0,9.68,30.0,24.48,85.61,1011.93,5.52,18.2345,78.6789
NODE_002,2026-06-04T23:30:00,0.0,1.4,23.4,20.0,9.67,30.0,24.53,85.61,1011.75,5.17,18.2345,78.6789
NODE_002,2026-06-04T23:45:00,0.0,1.41,24.38,20.0,9.66,30.0,25.49,85.61,1012.44,7.65,18.2345,78.6789
NODE_002,2026-06-05T00:00:00,0.0,1.4,24.63,20.0,9.65,30.0,23.77,88.0,1011.79,5.73,18.2345,78.6789
NODE_002,2026-06-05T00:15:00,0.0,1.4,25.1,20.0,9.64,30.0,23.96,88.0,1011.68,7.0,18.2345,78.6789
NODE_002,2026-06-05T00:30:00,0.0,1.4,25.19,20.0,9.63,30.0,22.99,88.0,1012.15,5.04,18.2345,78.6789
NODE_002,2026-06-05T00:45:00,0.0,1.42,25.0,20.0,9.62,30.0,24.14,88.0,1012.66,5.21,18.2345,78.6789
NODE_002,2026-06-05T01:00:00,0.0,1.41,24.61,20.0,9.61,30.0,23.59,89.5,1012.53,6.82,18.2345,78.6789
NODE_002,2026-06-05T01:15:00,0.0,1.41,25.08,20.0,9.6,30.0,23.14,89.5,1012.38,6.55,18.2345,78.6789
NODE_002,2026-06-05T01:30:00,0.0,1.42,25.71,20.0,9.59,30.0,22.2,89.5,1011.96,5.98,18.2345,78.6789
NODE_002,2026-06-05T01:45:00,0.0,1.43,25.49,20.0,9.58,30.0,22.63,89.51,1011.49,5.58,18.2345,78.6789
NODE_002,2026-06-05T02:00:00,0.0,1.43,24.51,20.0,9.57,30.0,22.58,90.02,1012.49,8.33,18.2345,78.6789
NODE_002,2026-06-05T02:15:00,0.0,1.43,26.16,20.0,9.56,30.0,21.88,90.02,1012.48,5.43,18.2345,78.6789
NODE_002,2026-06-05T02:30:00,0.0,1.42,25.38,20.0,9.55,30.0,22.86,90.03,1012.13,5.34,18.2345,78.6789
NODE_002,2026-06-05T02:45:00,0.0,1.43,25.03,20.0,9.54,30.0,23.34,90.03,1011.88,5.64,18.2345,78.6789
NODE_002,2026-06-05T03:00:00,0.0,1.43,26.15,20.0,9.53,30.0,23.22,89.53,1011.34,5.33,18.2345,78.6789
NODE_002,2026-06-05T03:15:00,0.0,1.43,24.83,20.0,9.52,30.0,23.32,89.52,1012.03,7.59,18.2345,78.6789
NODE_002,2026-06-05T03:30:00,0.0,1.44,26.25,20.0,9.51,30.0,22.5,89.54,1012.34,6.33,18.2345,78.6789
NODE_002,2026-06-05T03:45:00,0.0,1.44,26.15,20.0,9.5,30.0,23.75,89.54,1011.53,5.23,18.2345,78.6789
NODE_002,2026-06-05T04:00:00,0.0,1.44,26.03,20.0,9.49,30.0,23.88,88.06,1011.38,5.2,18.2345,78.6789
NODE_002,2026-06-05T04:15:00,0.0,1.45,25.93,20.0,9.48,30.0,24.31,88.06,1012.31,7.73,18.2345,78.6789
NODE_002,2026-06-05T04:30:00,0.12,1.44,25.94,20.0,9.47,30.0,24.05,88.07,1012.05,5.09,18.2345,78.6789
NODE_002,2026-06-05T04:45:00,0.17,1.44,26.06,20.0,9.46,30.0,23.4,88.08,1011.61,6.07,18.2345,78.6789
NODE_002,2026-06-05T05:00:00,0.16,1.44,26.72,20.0,9.45,30.0,24.47,85.68,1011.33,5.3,18.2345,78.6789
NODE_002,2026-06-05T05:15:00,0.13,1.43,24.69,20.0,9.44,30.0,24.21,85.72,1011.0,5.84,18.2345,78.6789
NODE_002,2026-06-05T05:30:00,0.2,1.44,25.83,20.0,9.43,30.0,24.67,85.73,1012.16,5.23,18.2345,78.6789
NODE_002,2026-06-05T05:45:00,0.12,1.45,25.72,20.0,9.42,30.0,24.44,85.71,1012.17,9.43,18.2345,78.6789
NODE_002,2026-06-05T06:00:00,0.17,1.45,25.68,20.0,9.41,30.0,25.03,82.61,1012.6,5.29,18.2345,78.6789
NODE_002,2026-06-05T06:15:00,0.27,1.46,25.77,20.0,9.4,30.0,26.17,82.63,1011.28,6.23,18.2345,78.6789
NODE_002,2026-06-05T06:30:00,0.21,1.47,26.17,20.0,9.39,30.0,25.88,82.63,1012.4,6.33,18.2345,78.6789
NODE_002,2026-06-05T06:45:00,0.33,1.47,26.4,20.01,9.38,30.0,24.95,82.69,1012.27,7.51,18.2345,78.6789
NODE_002,2026-06-05T07:00:00,0.25,1.47,26.91,20.0,9.37,30.0,27.09,79.09,1011.0,5.67,18.2345,78.6789
NODE_002,2026-06-05T07:15:00,0.39,1.48,27.3,20.04,9.36,30.0,26.64,79.08,1011.75,8.75,18.2345,78.6789
NODE_002,2026-06-05T07:30:00,0.25,1.47,27.02,20.02,9.35,30.0,26.22,79.07,1012.6,5.34,18.2345,78.6789
NODE_002,2026-06-05T07:45:00,0.49,1.47,26.94,20.09,9.34,30.0,27.52,79.15,1011.01,5.32,18.2345,78.6789
NODE_002,2026-06-05T08:00:00,0.6,1.46,26.18,20.21,9.33,30.0,27.39,75.33,1011.78,7.55,18.2345,78.6789
NODE_002,2026-06-05T08:15:00,0.4,1.48,26.6,20.25,9.32,30.0,27.78,75.28,1012.4,5.29,18.2345,78.6789
NODE_002,2026-06-05T08:30:00,0.46,1.48,27.42,20.32,9.31,30.0,28.42,75.27,1012.18,6.18,18.2345,78.6789
NODE_002,2026-06-05T08:45:00,0.62,1.48,27.15,20.44,9.3,30.0,27.62,75.39,1012.01,5.88,18.2345,78.6789
NODE_002,2026-06-05T09:00:00,0.78,1.48,27.66,20.64,9.29,30.0,28.21,71.59,1012.36,6.1,18.2345,78.6789
NODE_002,2026-06-05T09:15:00,0.76,1.48,26.75,20.82,9.28,30.0,30.16,71.61,1010.93,6.75,18.2345,78.6789
NODE_002,2026-06-05T09:30:00,0.74,1.49,27.1,21.0,9.27,30.0,29.54,71.52,1011.29,6.27,18.2345,78.6789
NODE_002,2026-06-05T09:45:00,0.71,1.49,27.09,21.16,9.26,30.0,28.71,71.54,1012.85,6.32,18.2345,78.6789
NODE_002,2026-06-05T10:00:00,0.95,1.49,26.75,21.42,9.26,30.0,31.36,68.09,1011.94,6.64,18.2345,78.6789
NODE_002,2026-06-05T10:15:00,1.03,1.49,27.03,21.71,9.25,30.0,30.35,68.11,1012.19,5.77,18.2345,78.6789
NODE_002,2026-06-05T10:30:00,0.98,1.47,25.34,21.98,9.24,30.0,29.04,68.05,1010.9,13.45,18.2345,78.6789
NODE_002,2026-06-05T10:45:00,1.08,1.47,25.95,22.3,9.23,30.0,31.37,68.19,1011.35,6.69,18.2345,78.6789
NODE_002,2026-06-05T11:00:00,1.39,1.48,28.07,22.73,9.22,30.0,31.42,65.23,1011.62,6.59,18.2345,78.6789
NODE_002,2026-06-05T11:15:00,1.17,1.48,26.64,23.08,9.21,30.0,31.14,65.05,1011.44,6.81,18.2345,78.6789
NODE_002,2026-06-05T11:30:00,1.34,1.47,26.7,23.5,9.2,30.0,31.3,65.19,1011.57,6.24,18.2345,78.6789
NODE_002,2026-06-05T11:45:00,1.78,1.46,26.8,24.09,9.19,30.0,30.92,65.45,1011.78,6.88,18.2345,78.6789
NODE_002,2026-06-05T12:00:00,1.82,1.46,26.07,24.7,9.18,30.0,31.85,63.06,1011.82,8.9,18.2345,78.6789
NODE_002,2026-06-05T12:15:00,1.47,1.45,25.39,25.16,9.17,30.0,32.78,62.91,1011.96,5.84,18.2345,78.6789
NODE_002,2026-06-05T12:30:00,1.38,1.46,26.71,25.6,9.16,30.0,32.09,62.88,1010.79,5.47,18.2345,78.6789
NODE_002,2026-06-05T12:45:00,1.64,1.46,25.86,26.13,9.16,30.0,32.55,62.99,1011.09,6.96,18.2345,78.6789
NODE_002,2026-06-05T13:00:00,2.3,1.48,26.58,26.93,9.15,30.0,32.11,61.85,1010.91,10.13,18.2345,78.6789
NODE_002,2026-06-05T13:15:00,2.15,1.48,27.02,27.67,9.14,30.0,33.07,61.79,1011.42,6.02,18.2345,78.6789
NODE_002,2026-06-05T13:30:00,1.8,1.49,27.3,28.27,9.13,30.0,32.81,61.63,1011.32,6.88,18.2345,78.6789
NODE_002,2026-06-05T13:45:00,2.57,1.49,27.93,29.18,9.12,30.0,31.81,62.05,1012.03,6.86,18.2345,78.6789
NODE_002,2026-06-05T14:00:00,2.47,1.49,27.75,30.05,9.11,30.0,33.01,61.51,1011.2,6.09,18.2345,78.6789
NODE_002,2026-06-05T14:15:00,2.24,1.5,27.8,30.82,9.1,30.0,33.01,61.38,1011.36,5.85,18.2345,78.6789
NODE_002,2026-06-05T14:30:00,3.36,1.5,27.09,32.05,9.1,30.0,33.25,62.01,1009.11,8.17,18.2345,78.6789
NODE_002,2026-06-05T14:45:00,3.01,1.5,27.3,33.13,9.09,30.0,32.92,61.81,1010.38,8.84,18.2345,78.6789
NODE_002,2026-06-05T15:00:00,3.24,1.49,27.58,34.31,9.08,30.0,32.98,62.47,1011.29,6.44,18.2345,78.6789
NODE_002,2026-06-05T15:15:00,3.49,1.49,27.76,35.58,9.07,30.0,32.96,62.64,1011.09,6.34,18.2345,78.6789
NODE_002,2026-06-05T15:30:00,2.89,1.5,27.54,36.62,9.06,30.0,33.23,62.24,1011.53,10.05,18.2345,78.6789
NODE_002,2026-06-05T15:45:00,3.58,1.47,26.79,37.93,9.06,30.0,33.37,62.69,1010.38,7.18,18.2345,78.6789
NODE_002,2026-06-05T16:00:00,3.5,1.48,26.65,39.21,9.05,30.0,32.48,64.17,1010.51,7.43,18.2345,78.6789
NODE_002,2026-06-05T16:15:00,3.88,1.49,27.08,40.64,9.04,30.0,31.96,64.34,1010.29,6.65,18.2345,78.6789
NODE_002,2026-06-05T16:30:00,3.75,1.47,27.01,42.02,9.04,30.0,31.7,64.27,1010.47,7.38,18.2345,78.6789
NODE_002,2026-06-05T16:45:00,4.14,1.46,25.91,43.56,9.03,30.0,32.28,64.5,1010.53,6.78,18.2345,78.6789
NODE_002,2026-06-05T17:00:00,4.76,1.47,25.68,45.34,9.02,30.0,31.86,67.26,1010.06,8.77,18.2345,78.6789
NODE_002,2026-06-05T17:15:00,4.1,1.47,26.84,46.86,9.01,30.0,31.36,66.81,1010.59,9.4,18.2345,78.6789
NODE_002,2026-06-05T17:30:00,3.97,1.47,26.8,48.33,9.01,30.0,31.4,66.81,1010.37,6.42,18.2345,78.6789
NODE_002,2026-06-05T17:45:00,5.78,1.47,26.8,50.52,9.0,30.0,30.68,67.84,1009.87,8.65,18.2345,78.6789
NODE_002,2026-06-05T18:00:00,5.07,1.49,26.82,52.43,9.0,30.0,30.81,70.56,1009.56,7.13,18.2345,78.6789
NODE_002,2026-06-05T18:15:00,5.38,1.5,26.49,54.46,8.99,30.0,30.4,70.69,1009.43,10.76,18.2345,78.6789
NODE_002,2026-06-05T18:30:00,4.58,1.48,28.36,56.18,8.99,30.0,30.24,70.23,1010.33,6.73,18.2345,78.6789
NODE_002,2026-06-05T18:45:00,5.88,1.51,27.81,58.41,8.99,30.0,30.56,71.0,1009.97,8.03,18.2345,78.6789
NODE_002,2026-06-05T19:00:00,4.89,1.52,27.3,60.24,8.99,30.0,29.22,74.07,1009.51,7.28,18.2345,78.6789
NODE_002,2026-06-05T19:15:00,5.81,1.55,28.42,62.45,8.99,30.0,29.03,74.51,1009.81,9.53,18.2345,78.6789
NODE_002,2026-06-05T19:30:00,5.21,1.56,29.85,64.41,8.99,30.0,29.41,74.29,1010.32,7.05,18.2345,78.6789
NODE_002,2026-06-05T19:45:00,5.22,1.58,30.43,66.38,9.0,30.0,29.52,74.28,1009.49,8.23,18.2345,78.6789
NODE_002,2026-06-05T20:00:00,5.55,1.61,31.18,68.48,9.0,30.0,27.76,78.34,1009.87,7.56,18.2345,78.6789
NODE_002,2026-06-05T20:15:00,5.33,1.63,30.76,70.49,9.01,30.0,27.49,78.23,1009.0,6.8,18.2345,78.6789
NODE_002,2026-06-05T20:30:00,7.3,1.64,31.92,73.29,9.02,30.0,27.44,79.37,1008.87,8.02,18.2345,78.6789
NODE_002,2026-06-05T20:45:00,7.5,1.67,32.56,76.17,9.03,30.0,27.55,79.49,1009.31,8.08,18.2345,78.6789
NODE_002,2026-06-05T21:00:00,7.06,1.71,34.17,78.88,9.04,30.0,27.37,83.09,1009.25,7.53,18.2345,78.6789
NODE_002,2026-06-05T21:15:00,7.39,1.76,36.19,81.71,9.07,30.0,27.15,83.27,1009.26,10.7,18.2345,78.6789
NODE_002,2026-06-05T21:30:00,6.12,1.79,37.01,84.04,9.09,30.0,27.41,82.53,1009.9,7.08,18.2345,78.6789
NODE_002,2026-06-05T21:45:00,6.71,1.86,39.09,86.6,9.12,30.0,26.68,82.86,1009.22,8.32,18.2345,78.6789
NODE_002,2026-06-05T22:00:00,6.1,1.91,41.93,88.92,9.15,30.0,25.77,86.15,1009.47,12.47,18.2345,78.6789
NODE_002,2026-06-05T22:15:00,8.68,1.97,43.46,92.28,9.18,30.0,25.35,87.69,1008.24,9.29,18.2345,78.6789
NODE_002,2026-06-05T22:30:00,7.62,2.03,45.93,95.2,9.22,30.0,25.14,87.05,1008.34,8.11,18.2345,78.6789
NODE_002,2026-06-05T22:45:00,8.35,2.09,47.87,98.0,9.27,30.0,26.26,87.5,1008.85,9.54,18.2345,78.6789
NODE_002,2026-06-05T23:00:00,8.8,2.17,51.35,98.0,9.32,30.0,24.99,90.89,1007.91,8.56,18.2345,78.6789
NODE_002,2026-06-05T23:15:00,8.5,2.28,55.15,98.0,9.38,30.0,24.3,90.74,1008.99,7.87,18.2345,78.6789
NODE_002,2026-06-05T23:30:00,7.5,2.36,58.05,98.0,9.44,30.0,25.19,90.07,1008.75,8.26,18.2345,78.6789
NODE_002,2026-06-05T23:45:00,7.51,2.47,63.53,98.0,9.51,30.0,24.21,90.15,1009.54,8.54,18.2345,78.6789
NODE_003,2026-06-01T00:00:00,0.0,1.6,30.76,34.88,8.99,20.0,23.6,87.99,1012.93,5.04,18.3456,78.789
NODE_003,2026-06-01T00:15:00,0.0,1.61,30.44,34.76,8.98,20.0,24.87,87.99,1010.95,5.13,18.3456,78.789
NODE_003,2026-06-01T00:30:00,0.0,1.62,31.84,34.64,8.97,20.0,22.47,87.99,1012.16,6.07,18.3456,78.789
NODE_003,2026-06-01T00:45:00,0.0,1.62,30.78,34.52,8.96,20.0,23.25,87.99,1011.79,5.93,18.3456,78.789
NODE_003,2026-06-01T01:00:00,0.0,1.63,31.3,34.4,8.95,20.0,22.76,89.49,1012.67,7.61,18.3456,78.789
NODE_003,2026-06-01T01:15:00,0.0,1.64,31.6,34.28,8.94,20.0,23.1,89.49,1012.8,5.01,18.3456,78.789
NODE_003,2026-06-01T01:30:00,0.0,1.64,30.84,34.16,8.93,20.0,23.18,89.49,1012.39,10.18,18.3456,78.789
NODE_003,2026-06-01T01:45:00,0.0,1.64,31.2,34.04,8.92,20.0,24.19,89.49,1012.08,5.1,18.3456,78.789
NODE_003,2026-06-01T02:00:00,0.0,1.62,30.9,33.92,8.91,20.0,22.89,90.0,1010.76,6.31,18.3456,78.789
NODE_003,2026-06-01T02:15:00,0.0,1.62,31.65,33.8,8.9,20.0,22.78,90.0,1012.64,6.64,18.3456,78.789
NODE_003,2026-06-01T02:30:00,0.0,1.63,32.76,33.68,8.89,20.0,22.91,90.0,1012.12,6.13,18.3456,78.789
NODE_003,2026-06-01T02:45:00,0.0,1.63,31.35,33.56,8.88,20.0,22.66,90.0,1012.81,5.49,18.3456,78.789
NODE_003,2026-06-01T03:00:00,0.0,1.63,30.53,33.44,8.87,20.0,23.24,89.49,1012.75,6.77,18.3456,78.789
NODE_003,2026-06-01T03:15:00,0.0,1.62,31.37,33.32,8.86,20.0,23.16,89.49,1012.56,6.73,18.3456,78.789
NODE_003,2026-06-01T03:30:00,0.0,1.63,32.06,33.2,8.85,20.0,23.31,89.49,1011.84,5.57,18.3456,78.789
NODE_003,2026-06-01T03:45:00,0.0,1.63,30.9,33.08,8.84,20.0,23.18,89.49,1011.93,7.91,18.3456,78.789
NODE_003,2026-06-01T04:00:00,0.0,1.61,31.13,32.96,8.83,20.0,23.45,87.99,1011.05,8.71,18.3456,78.789
NODE_003,2026-06-01T04:15:00,0.0,1.62,30.97,32.84,8.82,20.0,24.47,87.99,1011.99,5.09,18.3456,78.789
NODE_003,2026-06-01T04:30:00,0.0,1.62,31.56,32.72,8.81,20.0,22.86,87.99,1011.61,6.34,18.3456,78.789
NODE_003,2026-06-01T04:45:00,0.0,1.63,32.64,32.6,8.8,20.0,23.72,87.99,1012.02,7.24,18.3456,78.789
NODE_003,2026-06-01T05:00:00,0.0,1.63,32.29,32.48,8.79,20.0,25.49,85.61,1011.13,5.03,18.3456,78.789
NODE_003,2026-06-01T05:15:00,0.0,1.64,32.55,32.36,8.78,20.0,25.63,85.61,1011.99,5.1,18.3456,78.789
NODE_003,2026-06-01T05:30:00,0.0,1.64,31.13,32.24,8.77,20.0,24.56,85.61,1012.31,5.32,18.3456,78.789
NODE_003,2026-06-01T05:45:00,0.0,1.63,31.84,32.12,8.76,20.0,25.32,85.61,1011.94,5.46,18.3456,78.789
NODE_003,2026-06-01T06:00:00,0.0,1.62,31.08,32.0,8.75,20.0,25.56,82.5,1012.4,5.09,18.3456,78.789
NODE_003,2026-06-01T06:15:00,0.0,1.63,31.62,31.88,8.74,20.0,25.53,82.5,1012.51,6.56,18.3456,78.789
NODE_003,2026-06-01T06:30:00,0.0,1.62,31.01,31.76,8.73,20.0,25.9,82.5,1012.04,5.2,18.3456,78.789
NODE_003,2026-06-01T06:45:00,0.0,1.6,30.16,31.64,8.72,20.0,26.77,82.5,1011.98,9.51,18.3456,78.789
NODE_003,2026-06-01T07:00:00,0.0,1.62,30.58,31.52,8.71,20.0,25.76,78.88,1012.37,5.53,18.3456,78.789
NODE_003,2026-06-01T07:15:00,0.0,1.62,30.9,31.4,8.7,20.0,26.49,78.88,1011.87,5.38,18.3456,78.789
NODE_003,2026-06-01T07:30:00,0.0,1.61,31.02,31.28,8.69,20.0,27.01,78.88,1011.97,5.02,18.3456,78.789
NODE_003,2026-06-01T07:45:00,0.0,1.62,31.46,31.16,8.68,20.0,26.75,78.88,1012.22,5.08,18.3456,78.789
NODE_003,2026-06-01T08:00:00,0.0,1.63,31.89,31.04,8.67,20.0,28.21,75.0,1012.02,5.4,18.3456,78.789
NODE_003,2026-06-01T08:15:00,0.0,1.62,31.2,30.92,8.66,20.0,28.36,75.0,1011.65,7.36,18.3456,78.789
NODE_003,2026-06-01T08:30:00,0.0,1.63,31.71,30.8,8.65,20.0,28.53,75.0,1012.1,8.48,18.3456,78.789
NODE_003,2026-06-01T08:45:00,0.0,1.64,31.24,30.68,8.64,20.0,27.89,75.0,1012.37,5.92,18.3456,78.789
NODE_003,2026-06-01T09:00:00,0.0,1.62,31.32,30.56,8.63,20.0,29.5,71.12,1011.98,5.14,18.3456,78.789
NODE_003,2026-06-01T09:15:00,0.0,1.61,32.15,30.44,8.62,20.0,30.75,71.12,1011.91,5.61,18.3456,78.789
NODE_003,2026-06-01T09:30:00,0.0,1.62,30.93,30.32,8.61,20.0,29.62,71.12,1011.56,5.08,18.3456,78.789
NODE_003,2026-06-01T09:45:00,0.0,1.61,31.57,30.2,8.6,20.0,28.73,71.12,1012.15,5.25,18.3456,78.789
NODE_003,2026-06-01T10:00:00,0.0,1.62,31.16,30.08,8.59,20.0,30.0,67.5,1010.97,5.82,18.3456,78.789
NODE_003,2026-06-01T10:15:00,0.0,1.61,30.67,29.96,8.58,20.0,30.51,67.5,1012.11,8.79,18.3456,78.789
NODE_003,2026-06-01T10:30:00,0.0,1.61,30.92,29.84,8.57,20.0,29.8,67.5,1012.5,9.27,18.3456,78.789
NODE_003,2026-06-01T10:45:00,0.0,1.63,31.54,29.72,8.56,20.0,30.61,67.5,1011.54,5.95,18.3456,78.789
NODE_003,2026-06-01T11:00:00,0.0,1.61,30.71,29.6,8.55,20.0,32.25,64.39,1011.55,7.89,18.3456,78.789
NODE_003,2026-06-01T11:15:00,0.0,1.61,31.45,29.48,8.54,20.0,32.0,64.39,1011.83,8.8,18.3456,78.789
NODE_003,2026-06-01T11:30:00,0.0,1.62,30.82,29.36,8.53,20.0,32.75,64.39,1011.15,7.47,18.3456,78.789
NODE_003,2026-06-01T11:45:00,0.0,1.61,31.35,29.24,8.52,20.0,31.57,64.39,1012.05,9.14,18.3456,78.789
NODE_003,2026-06-01T12:00:00,0.0,1.62,31.36,29.12,8.51,20.0,32.13,62.01,1011.61,5.06,18.3456,78.789
NODE_003,2026-06-01T12:15:00,0.0,1.6,30.53,29.0,8.5,20.0,32.08,62.01,1011.74,6.04,18.3456,78.789
NODE_003,2026-06-01T12:30:00,0.0,1.58,29.78,28.88,8.49,20.0,32.5,62.01,1011.8,6.17,18.3456,78.789
NODE_003,2026-06-01T12:45:00,0.0,1.59,29.94,28.76,8.48,20.0,32.54,62.01,1012.3,6.22,18.3456,78.789
NODE_003,2026-06-01T13:00:00,0.0,1.58,29.33,28.64,8.47,20.0,33.66,60.51,1012.2,6.12,18.3456,78.789
NODE_003,2026-06-01T13:15:00,0.0,1.59,31.09,28.52,8.46,20.0,33.43,60.51,1012.09,5.13,18.3456,78.789
NODE_003,2026-06-01T13:30:00,0.0,1.6,30.47,28.4,8.45,20.0,32.67,60.51,1011.99,8.38,18.3456,78.789
NODE_003,2026-06-01T13:45:00,0.0,1.61,30.7,28.28,8.44,20.0,32.05,60.51,1012.41,5.14,18.3456,78.789
NODE_003,2026-06-01T14:00:00,0.0,1.6,30.26,28.16,8.43,20.0,33.41,60.0,1011.73,5.81,18.3456,78.789
NODE_003,2026-06-01T14:15:00,0.0,1.59,29.44,28.04,8.42,20.0,32.43,60.0,1011.79,6.27,18.3456,78.789
NODE_003,2026-06-01T14:30:00,0.0,1.59,31.11,27.92,8.41,20.0,32.63,60.0,1012.23,7.12,18.3456,78.789
NODE_003,2026-06-01T14:45:00,0.0,1.59,30.52,27.8,8.4,20.0,32.59,60.0,1012.55,5.42,18.3456,78.789
NODE_003,2026-06-01T15:00:00,0.0,1.57,29.23,27.68,8.39,20.0,33.31,60.51,1012.18,6.12,18.3456,78.789
NODE_003,2026-06-01T15:15:00,0.0,1.58,30.39,27.56,8.38,20.0,33.18,60.51,1011.8,6.78,18.3456,78.789
NODE_003,2026-06-01T15:30:00,0.0,1.57,30.56,27.44,8.37,20.0,31.79,60.51,1012.34,7.44,18.3456,78.789
NODE_003,2026-06-01T15:45:00,0.0,1.58,30.49,27.32,8.36,20.0,33.04,60.51,1011.39,7.48,18.3456,78.789
NODE_003,2026-06-01T16:00:00,0.0,1.6,31.3,27.2,8.35,20.0,31.47,62.01,1011.66,5.54,18.3456,78.789
NODE_003,2026-06-01T16:15:00,0.0,1.61,31.26,27.08,8.34,20.0,32.25,62.01,1012.04,6.62,18.3456,78.789
NODE_003,2026-06-01T16:30:00,0.0,1.61,30.89,26.96,8.33,20.0,31.84,62.01,1012.14,5.8,18.3456,78.789
NODE_003,2026-06-01T16:45:00,0.0,1.6,31.58,26.84,8.32,20.0,31.9,62.01,1011.62,7.22,18.3456,78.789
NODE_003,2026-06-01T17:00:00,0.0,1.59,29.66,26.72,8.31,20.0,30.82,64.39,1011.87,5.14,18.3456,78.789
NODE_003,2026-06-01T17:15:00,0.0,1.6,30.91,26.6,8.3,20.0,31.43,64.39,1011.9,5.26,18.3456,78.789
NODE_003,2026-06-01T17:30:00,0.0,1.59,30.37,26.48,8.29,20.0,31.58,64.39,1012.09,7.97,18.3456,78.789
NODE_003,2026-06-01T17:45:00,0.0,1.59,29.54,26.36,8.28,20.0,31.53,64.39,1011.74,12.41,18.3456,78.789
NODE_003,2026-06-01T18:00:00,0.0,1.59,30.64,26.24,8.27,20.0,30.15,67.5,1011.09,5.14,18.3456,78.789
NODE_003,2026-06-01T18:15:00,0.0,1.59,30.81,26.12,8.26,20.0,31.1,67.5,1011.61,5.27,18.3456,78.789
NODE_003,2026-06-01T18:30:00,0.0,1.59,29.73,26.0,8.25,20.0,30.17,67.5,1012.22,5.6,18.3456,78.789
NODE_003,2026-06-01T18:45:00,0.0,1.58,30.21,25.88,8.24,20.0,30.71,67.5,1011.15,7.0,18.3456,78.789
NODE_003,2026-06-01T19:00:00,0.0,1.58,28.93,25.76,8.23,20.0,29.28,71.12,1011.92,5.99,18.3456,78.789
NODE_003,2026-06-01T19:15:00,0.0,1.58,30.26,25.64,8.22,20.0,29.31,71.12,1012.31,9.19,18.3456,78.789
NODE_003,2026-06-01T19:30:00,0.0,1.58,29.31,25.52,8.21,20.0,29.47,71.12,1012.64,5.54,18.3456,78.789
NODE_003,2026-06-01T19:45:00,0.0,1.58,29.73,25.4,8.2,20.0,28.84,71.12,1011.1,9.89,18.3456,78.789
NODE_003,2026-06-01T20:00:00,0.0,1.58,29.97,25.28,8.19,20.0,27.85,75.0,1011.66,5.18,18.3456,78.789
NODE_003,2026-06-01T20:15:00,0.0,1.58,29.05,25.16,8.18,20.0,27.25,75.0,1012.68,7.02,18.3456,78.789
NODE_003,2026-06-01T20:30:00,0.0,1.57,29.2,25.04,8.17,20.0,27.59,75.0,1012.54,5.08,18.3456,78.789
NODE_003,2026-06-01T20:45:00,0.0,1.58,30.22,24.92,8.16,20.0,27.97,75.0,1012.22,5.99,18.3456,78.789
NODE_003,2026-06-01T21:00:00,0.0,1.58,29.72,24.8,8.15,20.0,26.72,78.88,1011.74,5.36,18.3456,78.789
NODE_003,2026-06-01T21:15:00,0.0,1.58,29.99,24.68,8.14,20.0,27.55,78.88,1012.42,8.52,18.3456,78.789
NODE_003,2026-06-01T21:30:00,0.0,1.59,29.64,24.56,8.13,20.0,26.19,78.88,1011.46,10.16,18.3456,78.789
NODE_003,2026-06-01T21:45:00,0.0,1.59,30.91,24.44,8.12,20.0,25.62,78.88,1011.65,5.39,18.3456,78.789
NODE_003,2026-06-01T22:00:00,0.0,1.59,29.34,24.32,8.11,20.0,24.76,82.5,1012.23,6.51,18.3456,78.789
NODE_003,2026-06-01T22:15:00,0.0,1.58,30.16,24.2,8.1,20.0,25.66,82.5,1011.41,6.29,18.3456,78.789
NODE_003,2026-06-01T22:30:00,0.0,1.58,29.83,24.08,8.09,20.0,25.8,82.5,1012.1,5.62,18.3456,78.789
NODE_003,2026-06-01T22:45:00,0.0,1.57,30.21,23.96,8.08,20.0,26.06,82.5,1011.74,7.2,18.3456,78.789
NODE_003,2026-06-01T23:00:00,0.0,1.56,29.17,23.84,8.07,20.0,24.08,85.61,1011.68,5.94,18.3456,78.789
NODE_003,2026-06-01T23:15:00,0.0,1.55,29.01,23.72,8.06,20.0,23.87,85.61,1012.02,5.93,18.3456,78.789
NODE_003,2026-06-01T23:30:00,0.0,1.55,29.04,23.6,8.05,20.0,23.26,85.61,1011.27,5.33,18.3456,78.789
NODE_003,2026-06-01T23:45:00,0.0,1.54,27.52,23.48,8.04,20.0,24.29,85.61,1012.34,7.86,18.3456,78.789
NODE_003,2026-06-02T00:00:00,0.0,1.53,28.94,23.36,8.03,20.0,23.41,87.99,1011.65,5.28,18.3456,78.789
NODE_003,2026-06-02T00:15:00,0.0,1.55,30.15,23.24,8.02,20.0,23.56,87.99,1011.33,9.09,18.3456,78.789
NODE_003,2026-06-02T00:30:00,0.0,1.55,29.51,23.12,8.01,20.0,24.24,87.99,1011.95,6.57,18.3456,78.789
NODE_003,2026-06-02T00:45:00,0.0,1.55,27.97,23.0,8.0,20.0,24.37,87.99,1011.69,5.84,18.3456,78.789
NODE_003,2026-06-02T01:00:00,0.0,1.56,29.63,22.88,7.99,20.0,23.04,89.49,1011.99,5.56,18.3456,78.789
NODE_003,2026-06-02T01:15:00,0.0,1.56,29.28,22.76,7.98,20.0,23.3,89.49,1011.84,6.25,18.3456,78.789
NODE_003,2026-06-02T01:30:00,0.0,1.56,29.38,22.64,7.97,20.0,23.36,89.49,1012.21,5.03,18.3456,78.789
NODE_003,2026-06-02T01:45:00,0.0,1.56,29.79,22.52,7.96,20.0,23.99,89.49,1011.91,7.57,18.3456,78.789
NODE_003,2026-06-02T02:00:00,0.0,1.57,28.63,22.4,7.95,20.0,21.93,90.0,1012.59,9.68,18.3456,78.789
NODE_003,2026-06-02T02:15:00,0.0,1.58,30.67,22.28,7.94,20.0,23.37,90.0,1012.07,5.53,18.3456,78.789
NODE_003,2026-06-02T02:30:00,0.0,1.58,29.87,22.16,7.93,20.0,22.4,90.0,1011.29,6.38,18.3456,78.789
NODE_003,2026-06-02T02:45:00,0.0,1.59,30.71,22.04,7.92,20.0,22.67,90.0,1010.9,7.07,18.3456,78.789
NODE_003,2026-06-02T03:00:00,0.0,1.59,30.23,21.92,7.91,20.0,23.48,89.49,1012.37,7.7,18.3456,78.789
NODE_003,2026-06-02T03:15:00,0.0,1.57,29.27,21.8,7.9,20.0,23.59,89.49,1011.47,5.26,18.3456,78.789
NODE_003,2026-06-02T03:30:00,0.0,1.58,30.54,21.68,7.89,20.0,22.78,89.49,1012.9,8.64,18.3456,78.789
NODE_003,2026-06-02T03:45:00,0.0,1.58,30.46,21.56,7.88,20.0,22.41,89.49,1012.25,5.65,18.3456,78.789
NODE_003,2026-06-02T04:00:00,0.0,1.58,29.48,21.44,7.87,20.0,22.54,87.99,1011.67,7.46,18.3456,78.789
NODE_003,2026-06-02T04:15:00,0.0,1.58,29.81,21.32,7.86,20.0,23.36,87.99,1012.56,5.41,18.3456,78.789
NODE_003,2026-06-02T04:30:00,0.0,1.59,30.37,21.2,7.85,20.0,23.35,87.99,1012.17,7.55,18.3456,78.789
NODE_003,2026-06-02T04:45:00,0.0,1.59,30.66,21.08,7.84,20.0,24.92,87.99,1011.47,6.65,18.3456,78.789
NODE_003,2026-06-02T05:00:00,0.0,1.61,30.83,20.96,7.83,20.0,23.65,85.61,1011.33,7.71,18.3456,78.789
NODE_003,2026-06-02T05:15:00,0.0,1.61,31.97,20.84,7.82,20.0,23.63,85.61,1013.02,7.3,18.3456,78.789
NODE_003,2026-06-02T05:30:00,0.0,1.61,30.87,20.72,7.81,20.0,23.87,85.61,1012.73,5.03,18.3456,78.789
NODE_003,2026-06-02T05:45:00,0.0,1.62,30.31,20.6,7.8,20.0,23.74,85.61,1012.04,8.99,18.3456,78.789
NODE_003,2026-06-02T06:00:00,0.0,1.61,31.14,20.48,7.79,20.0,23.94,82.5,1012.1,5.43,18.3456,78.789
NODE_003,2026-06-02T06:15:00,0.0,1.62,31.12,20.36,7.78,20.0,25.85,82.5,1012.54,5.21,18.3456,78.789
NODE_003,2026-06-02T06:30:00,0.0,1.62,30.82,20.24,7.77,20.0,25.55,82.5,1011.39,5.3,18.3456,78.789
NODE_003,2026-06-02T06:45:00,0.0,1.62,31.5,20.12,7.76,20.0,24.52,82.5,1011.67,6.05,18.3456,78.789
NODE_003,2026-06-02T07:00:00,0.0,1.64,32.58,20.0,7.75,20.0,26.07,78.88,1012.42,7.01,18.3456,78.789
NODE_003,2026-06-02T07:15:00,0.0,1.61,30.31,20.0,7.74,20.0,26.34,78.88,1011.68,6.57,18.3456,78.789
NODE_003,2026-06-02T07:30:00,0.0,1.62,31.78,20.0,7.73,20.0,27.18,78.88,1012.11,5.2,18.3456,78.789
NODE_003,2026-06-02T07:45:00,0.0,1.61,30.39,20.0,7.72,20.0,25.83,78.88,1012.2,5.01,18.3456,78.789
NODE_003,2026-06-02T08:00:00,0.0,1.61,31.2,20.0,7.71,20.0,28.34,75.0,1012.24,5.81,18.3456,78.789
NODE_003,2026-06-02T08:15:00,0.0,1.61,30.95,20.0,7.7,20.0,28.11,75.0,1011.36,6.09,18.3456,78.789
NODE_003,2026-06-02T08:30:00,0.0,1.61,31.42,20.0,7.69,20.0,27.79,75.0,1012.43,5.2,18.3456,78.789
NODE_003,2026-06-02T08:45:00,0.0,1.58,29.6,20.0,7.68,20.0,28.05,75.0,1011.74,5.11,18.3456,78.789
NODE_003,2026-06-02T09:00:00,0.0,1.58,29.66,20.0,7.67,20.0,28.7,71.12,1011.96,5.93,18.3456,78.789
NODE_003,2026-06-02T09:15:00,0.0,1.58,30.85,20.0,7.66,20.0,29.53,71.12,1012.86,8.02,18.3456,78.789
NODE_003,2026-06-02T09:30:00,0.0,1.58,30.04,20.0,7.65,20.0,29.85,71.12,1012.18,5.46,18.3456,78.789
NODE_003,2026-06-02T09:45:00,0.0,1.58,30.86,20.0,7.64,20.0,29.44,71.12,1011.61,5.88,18.3456,78.789
NODE_003,2026-06-02T10:00:00,0.0,1.59,28.95,20.0,7.63,20.0,30.79,67.5,1011.84,7.6,18.3456,78.789
NODE_003,2026-06-02T10:15:00,0.0,1.57,30.7,20.0,7.62,20.0,31.18,67.5,1012.38,6.96,18.3456,78.789
NODE_003,2026-06-02T10:30:00,0.0,1.58,30.08,20.0,7.61,20.0,29.89,67.5,1012.54,5.08,18.3456,78.789
NODE_003,2026-06-02T10:45:00,0.0,1.58,29.76,20.0,7.6,20.0,31.06,67.5,1011.56,5.99,18.3456,78.789
NODE_003,2026-06-02T11:00:00,0.0,1.58,29.98,20.0,7.59,20.0,31.97,64.39,1011.8,5.97,18.3456,78.789
NODE_003,2026-06-02T11:15:00,0.0,1.56,29.17,20.0,7.58,20.0,30.8,64.39,1011.76,7.27,18.3456,78.789
NODE_003,2026-06-02T11:30:00,0.0,1.57,31.03,20.0,7.57,20.0,31.9,64.39,1012.08,5.72,18.3456,78.789
NODE_003,2026-06-02T11:45:00,0.0,1.6,30.92,20.0,7.56,20.0,31.56,64.39,1011.68,6.05,18.3456,78.789
NODE_003,2026-06-02T12:00:00,0.0,1.6,30.25,20.0,7.55,20.0,32.1,62.01,1011.46,7.18,18.3456,78.789
NODE_003,2026-06-02T12:15:00,0.0,1.6,30.45,20.0,7.54,20.0,32.16,62.01,1011.5,9.08,18.3456,78.789
NODE_003,2026-06-02T12:30:00,0.0,1.59,29.66,20.0,7.53,20.0,31.96,62.01,1011.14,7.37,18.3456,78.789
NODE_003,2026-06-02T12:45:00,0.0,1.57,30.33,20.0,7.52,20.0,32.25,62.01,1012.03,5.24,18.3456,78.789
NODE_003,2026-06-02T13:00:00,0.0,1.57,29.59,20.0,7.51,20.0,33.83,60.51,1012.14,8.65,18.3456,78.789
NODE_003,2026-06-02T13:15:00,0.0,1.58,29.7,20.0,7.5,20.0,32.46,60.51,1011.95,5.01,18.3456,78.789
NODE_003,2026-06-02T13:30:00,0.0,1.58,30.67,20.0,7.49,20.0,32.79,60.51,1010.99,5.96,18.3456,78.789
NODE_003,2026-06-02T13:45:00,0.0,1.6,29.89,20.0,7.48,20.0,32.98,60.51,1011.61,7.57,18.3456,78.789
NODE_003,2026-06-02T14:00:00,0.0,1.6,30.87,20.0,7.47,20.0,33.13,60.0,1012.06,7.98,18.3456,78.789
NODE_003,2026-06-02T14:15:00,0.0,1.6,30.27,20.0,7.46,20.0,32.79,60.0,1012.23,5.58,18.3456,78.789
NODE_003,2026-06-02T14:30:00,0.0,1.59,30.23,20.0,7.45,20.0,33.04,60.0,1011.19,5.32,18.3456,78.789
NODE_003,2026-06-02T14:45:00,0.0,1.59,30.43,20.0,7.44,20.0,32.39,60.0,1010.9,5.58,18.3456,78.789
NODE_003,2026-06-02T15:00:00,0.0,1.59,29.97,20.0,7.43,20.0,33.0,60.51,1011.97,8.12,18.3456,78.789
NODE_003,2026-06-02T15:15:00,0.0,1.6,30.09,20.0,7.42,20.0,32.69,60.51,1012.29,6.27,18.3456,78.789
NODE_003,2026-06-02T15:30:00,0.0,1.6,30.6,20.0,7.41,20.0,33.09,60.51,1013.54,5.5,18.3456,78.789
NODE_003,2026-06-02T15:45:00,0.0,1.59,29.34,20.0,7.4,20.0,32.93,60.51,1011.99,5.26,18.3456,78.789
NODE_003,2026-06-02T16:00:00,0.0,1.6,30.87,20.0,7.39,20.0,32.23,62.01,1011.55,5.84,18.3456,78.789
NODE_003,2026-06-02T16:15:00,0.0,1.6,29.9,20.0,7.38,20.0,32.16,62.01,1011.74,7.34,18.3456,78.789
NODE_003,2026-06-02T16:30:00,0.0,1.6,30.83,20.0,7.37,20.0,32.46,62.01,1011.71,11.81,18.3456,78.789
NODE_003,2026-06-02T16:45:00,0.0,1.6,29.97,20.0,7.36,20.0,32.17,62.01,1012.31,5.42,18.3456,78.789
NODE_003,2026-06-02T17:00:00,0.0,1.6,31.14,20.0,7.35,20.0,32.95,64.39,1011.8,5.32,18.3456,78.789
NODE_003,2026-06-02T17:15:00,0.0,1.59,29.28,20.0,7.34,20.0,31.12,64.39,1012.15,5.36,18.3456,78.789
NODE_003,2026-06-02T17:30:00,0.0,1.58,29.9,20.0,7.33,20.0,31.67,64.39,1012.42,6.14,18.3456,78.789
NODE_003,2026-06-02T17:45:00,0.0,1.6,30.43,20.0,7.32,20.0,31.83,64.39,1011.95,6.08,18.3456,78.789
NODE_003,2026-06-02T18:00:00,0.0,1.59,30.36,20.0,7.31,20.0,29.65,67.5,1012.93,9.24,18.3456,78.789
NODE_003,2026-06-02T18:15:00,0.0,1.59,30.61,20.0,7.3,20.0,30.45,67.5,1013.55,5.28,18.3456,78.789
NODE_003,2026-06-02T18:30:00,0.0,1.57,28.57,20.0,7.29,20.0,30.85,67.5,1012.96,7.84,18.3456,78.789
NODE_003,2026-06-02T18:45:00,0.0,1.57,29.81,20.0,7.28,20.0,30.32,67.5,1013.35,5.31,18.3456,78.789
NODE_003,2026-06-02T19:00:00,0.0,1.57,28.54,20.0,7.27,20.0,29.63,71.12,1011.61,6.39,18.3456,78.789
NODE_003,2026-06-02T19:15:00,0.0,1.57,30.75,20.0,7.26,20.0,29.64,71.12,1011.59,5.85,18.3456,78.789
NODE_003,2026-06-02T19:30:00,0.0,1.57,29.45,20.0,7.25,20.0,29.59,71.12,1011.68,10.59,18.3456,78.789
NODE_003,2026-06-02T19:45:00,0.0,1.57,28.89,20.0,7.24,20.0,28.46,71.12,1011.95,7.49,18.3456,78.789
NODE_003,2026-06-02T20:00:00,0.0,1.58,30.09,20.0,7.23,20.0,28.15,75.0,1012.16,5.43,18.3456,78.789
NODE_003,2026-06-02T20:15:00,0.0,1.59,30.79,20.0,7.22,20.0,27.79,75.0,1011.05,5.68,18.3456,78.789
NODE_003,2026-06-02T20:30:00,0.0,1.61,31.42,20.0,7.21,20.0,27.45,75.0,1011.27,5.89,18.3456,78.789
NODE_003,2026-06-02T20:45:00,0.0,1.6,30.28,20.0,7.2,20.0,27.73,75.0,1013.46,5.55,18.3456,78.789
NODE_003,2026-06-02T21:00:00,0.0,1.62,30.11,20.0,7.19,20.0,27.02,78.88,1011.55,5.81,18.3456,78.789
NODE_003,2026-06-02T21:15:00,0.0,1.61,30.38,20.0,7.18,20.0,26.45,78.88,1011.85,6.63,18.3456,78.789
NODE_003,2026-06-02T21:30:00,0.0,1.61,30.6,20.0,7.17,20.0,27.19,78.88,1011.31,5.35,18.3456,78.789
NODE_003,2026-06-02T21:45:00,0.0,1.6,30.12,20.0,7.16,20.0,26.36,78.88,1011.67,6.53,18.3456,78.789
NODE_003,2026-06-02T22:00:00,0.0,1.62,30.95,20.0,7.15,20.0,26.11,82.5,1012.24,5.44,18.3456,78.789
NODE_003,2026-06-02T22:15:00,0.0,1.63,32.28,20.0,7.14,20.0,25.66,82.5,1010.8,5.47,18.3456,78.789
NODE_003,2026-06-02T22:30:00,0.0,1.63,30.47,20.0,7.13,20.0,25.64,82.5,1011.3,5.45,18.3456,78.789
NODE_003,2026-06-02T22:45:00,0.0,1.63,32.36,20.0,7.12,20.0,25.32,82.5,1011.89,5.7,18.3456,78.789
NODE_003,2026-06-02T23:00:00,0.0,1.65,32.31,20.0,7.11,20.0,24.27,85.61,1012.6,5.61,18.3456,78.789
NODE_003,2026-06-02T23:15:00,0.0,1.62,30.44,20.0,7.1,20.0,25.01,85.61,1011.96,6.65,18.3456,78.789
NODE_003,2026-06-02T23:30:00,0.0,1.61,31.89,20.0,7.09,20.0,24.13,85.61,1011.91,6.03,18.3456,78.789
NODE_003,2026-06-02T23:45:00,0.0,1.61,30.95,20.0,7.08,20.0,24.01,85.61,1012.25,6.37,18.3456,78.789
NODE_003,2026-06-03T00:00:00,0.0,1.6,30.99,20.0,7.07,20.0,23.72,87.99,1011.17,6.26,18.3456,78.789
NODE_003,2026-06-03T00:15:00,0.0,1.6,30.79,20.0,7.06,20.0,23.12,87.99,1012.63,5.2,18.3456,78.789
NODE_003,2026-06-03T00:30:00,0.0,1.61,31.24,20.0,7.05,20.0,23.14,87.99,1011.94,5.59,18.3456,78.789
NODE_003,2026-06-03T00:45:00,0.0,1.61,31.39,20.0,7.04,20.0,23.75,87.99,1012.59,5.5,18.3456,78.789
NODE_003,2026-06-03T01:00:00,0.0,1.6,31.67,20.0,7.03,20.0,22.83,89.49,1011.92,6.06,18.3456,78.789
NODE_003,2026-06-03T01:15:00,0.0,1.59,31.36,20.0,7.02,20.0,23.39,89.49,1012.61,6.32,18.3456,78.789
NODE_003,2026-06-03T01:30:00,0.0,1.59,30.25,20.0,7.01,20.0,23.52,89.49,1011.83,5.19,18.3456,78.789
NODE_003,2026-06-03T01:45:00,0.0,1.59,29.97,20.0,7.0,20.0,22.4,89.49,1012.25,7.33,18.3456,78.789
NODE_003,2026-06-03T02:00:00,0.0,1.59,30.45,20.0,6.99,20.0,22.14,90.0,1011.38,5.09,18.3456,78.789
NODE_003,2026-06-03T02:15:00,0.0,1.6,30.77,20.0,6.98,20.0,23.01,90.0,1011.64,7.65,18.3456,78.789
NODE_003,2026-06-03T02:30:00,0.0,1.59,29.92,20.0,6.97,20.0,23.06,90.0,1012.87,5.94,18.3456,78.789
NODE_003,2026-06-03T02:45:00,0.0,1.57,30.19,20.0,6.96,20.0,24.05,90.0,1012.02,6.13,18.3456,78.789
NODE_003,2026-06-03T03:00:00,0.0,1.58,30.49,20.0,6.95,20.0,23.57,89.49,1011.62,6.91,18.3456,78.789
NODE_003,2026-06-03T03:15:00,0.0,1.56,29.47,20.0,6.94,20.0,23.17,89.49,1012.34,5.24,18.3456,78.789
NODE_003,2026-06-03T03:30:00,0.0,1.56,28.92,20.0,6.93,20.0,22.57,89.49,1012.23,6.83,18.3456,78.789
NODE_003,2026-06-03T03:45:00,0.0,1.56,29.64,20.0,6.92,20.0,23.98,89.49,1013.0,5.81,18.3456,78.789
NODE_003,2026-06-03T04:00:00,0.0,1.57,29.32,20.0,6.91,20.0,24.54,87.99,1012.25,8.38,18.3456,78.789
NODE_003,2026-06-03T04:15:00,0.0,1.57,29.37,20.0,6.9,20.0,23.93,87.99,1012.43,5.58,18.3456,78.789
NODE_003,2026-06-03T04:30:00,0.0,1.59,29.78,20.0,6.89,20.0,23.95,87.99,1011.25,5.36,18.3456,78.789
NODE_003,2026-06-03T04:45:00,0.0,1.59,29.57,20.0,6.88,20.0,23.4,87.99,1011.89,5.42,18.3456,78.789
NODE_003,2026-06-03T05:00:00,0.0,1.59,30.7,20.0,6.87,20.0,24.19,85.61,1012.55,6.25,18.3456,78.789
NODE_003,2026-06-03T05:15:00,0.0,1.59,30.97,20.0,6.86,20.0,24.03,85.61,1013.09,8.31,18.3456,78.789
NODE_003,2026-06-03T05:30:00,0.0,1.61,30.89,20.0,6.85,20.0,24.4,85.61,1011.96,6.39,18.3456,78.789
NODE_003,2026-06-03T05:45:00,0.0,1.6,30.53,20.0,6.84,20.0,24.52,85.61,1012.54,5.09,18.3456,78.789
NODE_003,2026-06-03T06:00:00,0.0,1.58,30.19,20.0,6.83,20.0,25.29,82.5,1011.65,5.46,18.3456,78.789
NODE_003,2026-06-03T06:15:00,0.0,1.58,29.61,20.0,6.82,20.0,25.05,82.5,1011.29,5.58,18.3456,78.789
NODE_003,2026-06-03T06:30:00,0.0,1.58,30.69,20.0,6.81,20.0,25.58,82.5,1012.29,7.1,18.3456,78.789
NODE_003,2026-06-03T06:45:00,0.0,1.58,30.75,20.0,6.8,20.0,26.11,82.5,1013.1,5.06,18.3456,78.789
NODE_003,2026-06-03T07:00:00,0.0,1.58,30.79,20.0,6.79,20.0,26.99,78.88,1010.88,5.49,18.3456,78.789
NODE_003,2026-06-03T07:15:00,0.0,1.59,30.88,20.0,6.78,20.0,27.22,78.88,1011.82,7.2,18.3456,78.789
NODE_003,2026-06-03T07:30:00,0.0,1.62,31.3,20.0,6.77,20.0,26.79,78.88,1012.88,6.29,18.3456,78.789
NODE_003,2026-06-03T07:45:00,0.0,1.64,32.41,20.0,6.76,20.0,27.07,78.88,1011.82,5.15,18.3456,78.789
NODE_003,2026-06-03T08:00:00,0.0,1.63,31.93,20.0,6.75,20.0,28.41,75.0,1011.44,7.73,18.3456,78.789
NODE_003,2026-06-03T08:15:00,0.0,1.63,31.23,20.0,6.74,20.0,27.25,75.0,1012.09,5.8,18.3456,78.789
NODE_003,2026-06-03T08:30:00,0.0,1.65,32.93,20.0,6.73,20.0,28.65,75.0,1012.37,5.66,18.3456,78.789
NODE_003,2026-06-03T08:45:00,0.0,1.65,31.51,20.0,6.72,20.0,28.16,75.0,1012.61,5.05,18.3456,78.789
NODE_003,2026-06-03T09:00:00,0.0,1.64,32.22,20.0,6.71,20.0,28.97,71.12,1011.62,9.62,18.3456,78.789
NODE_003,2026-06-03T09:15:00,0.0,1.64,32.29,20.0,6.7,20.0,29.27,71.12,1012.37,5.01,18.3456,78.789
NODE_003,2026-06-03T09:30:00,0.0,1.64,31.44,20.0,6.69,20.0,29.42,71.12,1012.35,6.17,18.3456,78.789
NODE_003,2026-06-03T09:45:00,0.0,1.63,32.06,20.0,6.68,20.0,29.34,71.12,1012.12,8.69,18.3456,78.789
NODE_003,2026-06-03T10:00:00,0.0,1.62,31.03,20.0,6.67,20.0,29.95,67.5,1012.09,5.27,18.3456,78.789
NODE_003,2026-06-03T10:15:00,0.0,1.62,30.74,20.0,6.66,20.0,31.03,67.5,1013.17,5.28,18.3456,78.789
NODE_003,2026-06-03T10:30:00,0.0,1.62,31.21,20.0,6.65,20.0,31.03,67.5,1011.52,6.75,18.3456,78.789
NODE_003,2026-06-03T10:45:00,0.0,1.61,31.25,20.0,6.64,20.0,29.98,67.5,1012.41,5.46,18.3456,78.789
NODE_003,2026-06-03T11:00:00,0.0,1.6,31.34,20.0,6.63,20.0,30.92,64.39,1011.9,6.87,18.3456,78.789
NODE_003,2026-06-03T11:15:00,0.0,1.59,30.3,20.0,6.62,20.0,32.28,64.39,1011.59,5.16,18.3456,78.789
NODE_003,2026-06-03T11:30:00,0.0,1.6,31.1,20.0,6.61,20.0,32.44,64.39,1011.5,5.59,18.3456,78.789
NODE_003,2026-06-03T11:45:00,0.0,1.61,29.79,20.0,6.6,20.0,31.25,64.39,1012.02,5.91,18.3456,78.789
NODE_003,2026-06-03T12:00:00,0.0,1.63,32.5,20.0,6.59,20.0,32.26,62.01,1012.66,5.37,18.3456,78.789
NODE_003,2026-06-03T12:15:00,0.0,1.62,30.89,20.0,6.58,20.0,31.89,62.01,1011.61,5.06,18.3456,78.789
NODE_003,2026-06-03T12:30:00,0.0,1.61,30.97,20.0,6.57,20.0,32.16,62.01,1012.16,7.89,18.3456,78.789
NODE_003,2026-06-03T12:45:00,0.0,1.6,29.57,20.0,6.56,20.0,31.87,62.01,1012.05,5.44,18.3456,78.789
NODE_003,2026-06-03T13:00:00,0.0,1.58,30.54,20.0,6.55,20.0,33.27,60.51,1011.34,6.95,18.3456,78.789
NODE_003,2026-06-03T13:15:00,0.0,1.58,29.44,20.0,6.54,20.0,32.75,60.51,1011.92,6.23,18.3456,78.789
NODE_003,2026-06-03T13:30:00,0.0,1.57,30.3,20.0,6.53,20.0,32.63,60.51,1013.12,6.77,18.3456,78.789
NODE_003,2026-06-03T13:45:00,0.0,1.59,31.11,20.0,6.52,20.0,32.68,60.51,1011.14,5.1,18.3456,78.789
NODE_003,2026-06-03T14:00:00,0.0,1.6,31.12,20.0,6.51,20.0,32.93,60.0,1012.56,6.02,18.3456,78.789
NODE_003,2026-06-03T14:15:00,0.0,1.61,29.98,20.0,6.5,20.0,32.46,60.0,1011.66,6.03,18.3456,78.789
NODE_003,2026-06-03T14:30:00,0.0,1.6,30.47,20.0,6.49,20.0,32.21,60.0,1011.74,5.33,18.3456,78.789
NODE_003,2026-06-03T14:45:00,0.0,1.62,32.13,20.0,6.48,20.0,32.45,60.0,1013.15,6.59,18.3456,78.789
NODE_003,2026-06-03T15:00:00,0.0,1.6,30.48,20.0,6.47,20.0,32.22,60.51,1013.08,8.28,18.3456,78.789
NODE_003,2026-06-03T15:15:00,0.0,1.58,30.9,20.0,6.46,20.0,32.18,60.51,1011.55,5.24,18.3456,78.789
NODE_003,2026-06-03T15:30:00,0.0,1.56,29.24,20.0,6.45,20.0,32.84,60.51,1011.77,7.83,18.3456,78.789
NODE_003,2026-06-03T15:45:00,0.0,1.55,28.84,20.0,6.44,20.0,33.77,60.51,1012.26,6.29,18.3456,78.789
NODE_003,2026-06-03T16:00:00,0.0,1.57,29.51,20.0,6.43,20.0,31.89,62.01,1011.77,6.02,18.3456,78.789
NODE_003,2026-06-03T16:15:00,0.0,1.57,30.05,20.0,6.42,20.0,32.81,62.01,1011.68,5.0,18.3456,78.789
NODE_003,2026-06-03T16:30:00,0.0,1.56,29.03,20.0,6.41,20.0,31.77,62.01,1012.88,6.87,18.3456,78.789
NODE_003,2026-06-03T16:45:00,0.0,1.56,28.94,20.0,6.4,20.0,32.58,62.01,1012.27,6.36,18.3456,78.789
NODE_003,2026-06-03T17:00:00,0.0,1.55,29.05,20.0,6.39,20.0,31.12,64.39,1012.01,6.32,18.3456,78.789
NODE_003,2026-06-03T17:15:00,0.0,1.54,28.65,20.0,6.38,20.0,30.43,64.39,1012.69,8.47,18.3456,78.789
NODE_003,2026-06-03T17:30:00,0.0,1.53,28.48,20.0,6.37,20.0,30.99,64.39,1012.17,6.96,18.3456,78.789
NODE_003,2026-06-03T17:45:00,0.0,1.54,29.66,20.0,6.36,20.0,31.69,64.39,1011.7,8.36,18.3456,78.789
NODE_003,2026-06-03T18:00:00,0.0,1.54,28.58,20.0,6.35,20.0,30.68,67.5,1011.86,5.06,18.3456,78.789
NODE_003,2026-06-03T18:15:00,0.0,1.53,28.41,20.0,6.34,20.0,30.87,67.5,1011.95,6.37,18.3456,78.789
NODE_003,2026-06-03T18:30:00,0.0,1.53,28.02,20.0,6.33,20.0,30.27,67.5,1011.48,8.54,18.3456,78.789
NODE_003,2026-06-03T18:45:00,0.0,1.54,28.25,20.0,6.32,20.0,30.53,67.5,1012.06,6.97,18.3456,78.789
NODE_003,2026-06-03T19:00:00,0.0,1.53,29.15,20.0,6.31,20.0,29.61,71.12,1012.33,5.37,18.3456,78.789
NODE_003,2026-06-03T19:15:00,0.0,1.54,29.15,20.0,6.3,20.0,29.14,71.12,1011.88,7.36,18.3456,78.789
NODE_003,2026-06-03T19:30:00,0.0,1.54,28.49,20.0,6.29,20.0,29.79,71.12,1011.62,5.57,18.3456,78.789
NODE_003,2026-06-03T19:45:00,0.0,1.52,28.41,20.0,6.28,20.0,29.0,71.12,1011.89,8.59,18.3456,78.789
NODE_003,2026-06-03T20:00:00,0.0,1.53,27.41,20.0,6.27,20.0,27.72,75.0,1011.69,8.84,18.3456,78.789
NODE_003,2026-06-03T20:15:00,0.0,1.54,29.73,20.0,6.26,20.0,28.49,75.0,1011.59,6.77,18.3456,78.789
NODE_003,2026-06-03T20:30:00,0.0,1.53,29.55,20.0,6.25,20.0,27.61,75.0,1012.35,7.22,18.3456,78.789
NODE_003,2026-06-03T20:45:00,0.0,1.53,28.59,20.0,6.24,20.0,27.74,75.0,1012.48,6.03,18.3456,78.789
NODE_003,2026-06-03T21:00:00,0.0,1.52,28.02,20.0,6.23,20.0,26.93,78.88,1011.29,5.78,18.3456,78.789
NODE_003,2026-06-03T21:15:00,0.0,1.53,27.72,20.0,6.22,20.0,27.02,78.88,1012.7,5.65,18.3456,78.789
NODE_003,2026-06-03T21:30:00,0.0,1.52,28.67,20.0,6.21,20.0,27.06,78.88,1012.09,5.16,18.3456,78.789
NODE_003,2026-06-03T21:45:00,0.0,1.53,28.13,20.0,6.2,20.0,26.48,78.88,1012.07,10.85,18.3456,78.789
NODE_003,2026-06-03T22:00:00,0.0,1.52,28.14,20.0,6.19,20.0,26.4,82.5,1012.15,5.05,18.3456,78.789
NODE_003,2026-06-03T22:15:00,0.0,1.52,27.45,20.0,6.18,20.0,25.42,82.5,1012.02,7.42,18.3456,78.789
NODE_003,2026-06-03T22:30:00,0.0,1.51,27.15,20.0,6.17,20.0,24.98,82.5,1011.94,6.2,18.3456,78.789
NODE_003,2026-06-03T22:45:00,0.0,1.51,26.94,20.0,6.16,20.0,25.87,82.5,1010.96,5.89,18.3456,78.789
NODE_003,2026-06-03T23:00:00,0.0,1.5,27.42,20.0,6.15,20.0,25.42,85.61,1012.79,6.74,18.3456,78.789
NODE_003,2026-06-03T23:15:00,0.0,1.52,27.29,20.0,6.14,20.0,24.81,85.61,1012.7,5.69,18.3456,78.789
NODE_003,2026-06-03T23:30:00,0.0,1.52,28.74,20.0,6.13,20.0,24.39,85.61,1011.82,5.17,18.3456,78.789
NODE_003,2026-06-03T23:45:00,0.0,1.53,28.58,20.0,6.12,20.0,25.1,85.61,1011.91,6.32,18.3456,78.789
NODE_003,2026-06-04T00:00:00,0.0,1.52,27.93,20.0,6.11,20.0,23.89,87.99,1011.87,6.32,18.3456,78.789
NODE_003,2026-06-04T00:15:00,0.0,1.53,29.47,20.0,6.1,20.0,23.61,87.99,1012.22,5.33,18.3456,78.789
NODE_003,2026-06-04T00:30:00,0.0,1.55,28.35,20.0,6.09,20.0,23.65,87.99,1012.0,5.55,18.3456,78.789
NODE_003,2026-06-04T00:45:00,0.0,1.56,28.51,20.0,6.08,20.0,23.34,87.99,1011.55,5.28,18.3456,78.789
NODE_003,2026-06-04T01:00:00,0.0,1.56,29.35,20.0,6.07,20.0,23.3,89.49,1011.56,6.6,18.3456,78.789
NODE_003,2026-06-04T01:15:00,0.0,1.58,30.72,20.0,6.06,20.0,23.42,89.49,1012.26,10.31,18.3456,78.789
NODE_003,2026-06-04T01:30:00,0.0,1.57,28.88,20.0,6.05,20.0,22.65,89.49,1011.92,9.98,18.3456,78.789
NODE_003,2026-06-04T01:45:00,0.0,1.56,29.82,20.0,6.04,20.0,23.34,89.49,1012.18,6.55,18.3456,78.789
NODE_003,2026-06-04T02:00:00,0.0,1.57,30.42,20.0,6.03,20.0,22.93,90.0,1011.88,5.44,18.3456,78.789
NODE_003,2026-06-04T02:15:00,0.0,1.58,29.23,20.0,6.02,20.0,23.07,90.0,1011.72,6.87,18.3456,78.789
NODE_003,2026-06-04T02:30:00,0.0,1.57,28.88,20.0,6.01,20.0,22.17,90.0,1011.89,5.98,18.3456,78.789
NODE_003,2026-06-04T02:45:00,0.0,1.56,29.79,20.0,6.0,20.0,22.33,90.0,1012.07,5.86,18.3456,78.789
NODE_003,2026-06-04T03:00:00,0.0,1.58,29.31,20.0,5.99,20.0,22.92,89.49,1011.97,5.53,18.3456,78.789
NODE_003,2026-06-04T03:15:00,0.0,1.57,29.5,20.0,5.98,20.0,23.62,89.49,1012.39,5.06,18.3456,78.789
NODE_003,2026-06-04T03:30:00,0.0,1.58,29.83,20.0,5.97,20.0,22.87,89.49,1012.02,5.68,18.3456,78.789
NODE_003,2026-06-04T03:45:00,0.0,1.57,30.35,20.0,5.96,20.0,23.66,89.49,1011.45,5.71,18.3456,78.789
NODE_003,2026-06-04T04:00:00,0.0,1.55,29.07,20.0,5.95,20.0,23.08,87.99,1012.31,5.1,18.3456,78.789
NODE_003,2026-06-04T04:15:00,0.0,1.56,29.19,20.0,5.94,20.0,23.04,87.99,1011.92,6.64,18.3456,78.789
NODE_003,2026-06-04T04:30:00,0.0,1.56,29.64,20.0,5.93,20.0,23.48,87.99,1011.92,5.26,18.3456,78.789
NODE_003,2026-06-04T04:45:00,0.0,1.56,30.73,20.0,5.92,20.0,23.34,87.99,1012.02,5.72,18.3456,78.789
NODE_003,2026-06-04T05:00:00,0.0,1.55,28.87,20.0,5.91,20.0,24.61,85.61,1011.43,6.98,18.3456,78.789
NODE_003,2026-06-04T05:15:00,0.0,1.53,28.51,20.0,5.9,20.0,24.61,85.61,1012.35,5.67,18.3456,78.789
NODE_003,2026-06-04T05:30:00,0.0,1.53,28.67,20.0,5.89,20.0,23.97,85.61,1011.28,5.9,18.3456,78.789
NODE_003,2026-06-04T05:45:00,0.0,1.52,28.49,20.0,5.88,20.0,25.12,85.61,1012.05,6.82,18.3456,78.789
NODE_003,2026-06-04T06:00:00,0.0,1.52,27.99,20.0,5.87,20.0,26.11,82.5,1012.24,6.7,18.3456,78.789
NODE_003,2026-06-04T06:15:00,0.0,1.5,28.09,20.0,5.86,20.0,25.32,82.5,1012.61,5.37,18.3456,78.789
NODE_003,2026-06-04T06:30:00,0.0,1.52,28.93,20.0,5.85,20.0,25.59,82.5,1011.37,7.95,18.3456,78.789
NODE_003,2026-06-04T06:45:00,0.0,1.54,28.26,20.0,5.84,20.0,25.75,82.5,1011.39,6.42,18.3456,78.789
NODE_003,2026-06-04T07:00:00,0.0,1.57,28.26,20.0,5.83,20.0,27.35,78.88,1012.3,7.03,18.3456,78.789
NODE_003,2026-06-04T07:15:00,0.0,1.57,30.05,20.0,5.82,20.0,26.88,78.88,1011.83,5.61,18.3456,78.789
NODE_003,2026-06-04T07:30:00,0.0,1.58,30.0,20.0,5.81,20.0,25.84,78.88,1011.9,5.03,18.3456,78.789
NODE_003,2026-06-04T07:45:00,0.0,1.58,30.03,20.0,5.8,20.0,26.3,78.88,1012.29,6.44,18.3456,78.789
NODE_003,2026-06-04T08:00:00,0.0,1.59,29.85,20.0,5.79,20.0,28.03,75.0,1012.24,5.45,18.3456,78.789
NODE_003,2026-06-04T08:15:00,0.0,1.58,28.37,20.0,5.78,20.0,28.35,75.0,1011.74,5.81,18.3456,78.789
NODE_003,2026-06-04T08:30:00,0.0,1.59,30.7,20.0,5.77,20.0,28.6,75.0,1011.22,5.53,18.3456,78.789
NODE_003,2026-06-04T08:45:00,0.0,1.61,30.38,20.0,5.76,20.0,28.29,75.0,1011.99,5.21,18.3456,78.789
NODE_003,2026-06-04T09:00:00,0.0,1.6,30.77,20.0,5.75,20.0,29.62,71.12,1011.64,7.62,18.3456,78.789
NODE_003,2026-06-04T09:15:00,0.0,1.62,31.98,20.0,5.74,20.0,29.85,71.12,1012.34,7.44,18.3456,78.789
NODE_003,2026-06-04T09:30:00,0.0,1.62,31.97,20.0,5.73,20.0,29.12,71.12,1012.35,6.0,18.3456,78.789
NODE_003,2026-06-04T09:45:00,0.0,1.63,31.88,20.0,5.72,20.0,29.2,71.12,1012.11,5.3,18.3456,78.789
NODE_003,2026-06-04T10:00:00,0.0,1.63,32.87,20.0,5.71,20.0,30.48,67.5,1012.36,5.05,18.3456,78.789
NODE_003,2026-06-04T10:15:00,0.0,1.64,31.57,20.0,5.7,20.0,30.27,67.5,1012.08,5.33,18.3456,78.789
NODE_003,2026-06-04T10:30:00,0.0,1.64,31.98,20.0,5.69,20.0,30.02,67.5,1011.67,5.26,18.3456,78.789
NODE_003,2026-06-04T10:45:00,0.0,1.63,31.43,20.0,5.68,20.0,30.62,67.5,1011.87,6.09,18.3456,78.789
NODE_003,2026-06-04T11:00:00,0.0,1.64,31.86,20.0,5.67,20.0,32.31,64.39,1012.26,5.18,18.3456,78.789
NODE_003,2026-06-04T11:15:00,0.0,1.63,31.17,20.0,5.66,20.0,30.95,64.39,1012.73,6.3,18.3456,78.789
NODE_003,2026-06-04T11:30:00,0.0,1.62,30.59,20.0,5.65,20.0,31.34,64.39,1012.2,5.83,18.3456,78.789
NODE_003,2026-06-04T11:45:00,0.0,1.62,31.58,20.0,5.64,20.0,31.56,64.39,1012.46,5.45,18.3456,78.789
NODE_003,2026-06-04T12:00:00,0.0,1.6,30.4,20.0,5.63,20.0,32.33,62.01,1012.48,5.14,18.3456,78.789
NODE_003,2026-06-04T12:15:00,0.0,1.61,30.39,20.0,5.62,20.0,32.43,62.01,1012.46,6.83,18.3456,78.789
NODE_003,2026-06-04T12:30:00,0.0,1.62,31.73,20.0,5.61,20.0,33.43,62.01,1012.0,9.02,18.3456,78.789
NODE_003,2026-06-04T12:45:00,0.0,1.6,30.83,20.0,5.6,20.0,33.51,62.01,1012.03,5.72,18.3456,78.789
NODE_003,2026-06-04T13:00:00,0.0,1.6,30.78,20.0,5.59,20.0,32.81,60.51,1011.45,5.07,18.3456,78.789
NODE_003,2026-06-04T13:15:00,0.0,1.59,30.03,20.0,5.58,20.0,33.56,60.51,1012.12,5.44,18.3456,78.789
NODE_003,2026-06-04T13:30:00,0.0,1.58,29.92,20.0,5.57,20.0,32.45,60.51,1011.86,6.33,18.3456,78.789
NODE_003,2026-06-04T13:45:00,0.0,1.58,29.45,20.0,5.56,20.0,32.81,60.51,1011.21,5.35,18.3456,78.789
NODE_003,2026-06-04T14:00:00,0.0,1.59,30.65,20.0,5.55,20.0,33.9,60.0,1012.31,7.94,18.3456,78.789
NODE_003,2026-06-04T14:15:00,0.0,1.59,29.67,20.0,5.54,20.0,32.83,60.0,1012.17,5.87,18.3456,78.789
NODE_003,2026-06-04T14:30:00,0.0,1.59,30.69,20.0,5.53,20.0,33.77,60.0,1012.12,8.48,18.3456,78.789
NODE_003,2026-06-04T14:45:00,0.0,1.57,29.41,20.0,5.52,20.0,32.68,60.0,1011.8,6.1,18.3456,78.789
NODE_003,2026-06-04T15:00:00,0.0,1.57,29.87,20.0,5.51,20.0,32.37,60.51,1012.05,6.83,18.3456,78.789
NODE_003,2026-06-04T15:15:00,0.0,1.57,30.21,20.0,5.5,20.0,32.5,60.51,1012.07,9.04,18.3456,78.789
NODE_003,2026-06-04T15:30:00,0.0,1.57,29.62,20.0,5.49,20.0,33.22,60.51,1011.21,5.3,18.3456,78.789
NODE_003,2026-06-04T15:45:00,0.0,1.57,28.98,20.0,5.48,20.0,32.96,60.51,1011.37,5.57,18.3456,78.789
NODE_003,2026-06-04T16:00:00,0.0,1.58,30.18,20.0,5.47,20.0,31.98,62.01,1012.39,5.51,18.3456,78.789
NODE_003,2026-06-04T16:15:00,0.0,1.59,30.9,20.0,5.46,20.0,31.79,62.01,1011.44,5.44,18.3456,78.789
NODE_003,2026-06-04T16:30:00,0.0,1.59,30.01,20.0,5.45,20.0,32.26,62.01,1011.42,5.83,18.3456,78.789
NODE_003,2026-06-04T16:45:00,0.0,1.6,31.28,20.0,5.44,20.0,32.35,62.01,1012.34,6.51,18.3456,78.789
NODE_003,2026-06-04T17:00:00,0.0,1.59,30.96,20.0,5.43,20.0,31.68,64.39,1011.58,8.28,18.3456,78.789
NODE_003,2026-06-04T17:15:00,0.0,1.6,30.79,20.0,5.42,20.0,31.5,64.39,1012.52,6.61,18.3456,78.789
NODE_003,2026-06-04T17:30:00,0.0,1.58,29.59,20.0,5.41,20.0,30.29,64.39,1011.31,5.15,18.3456,78.789
NODE_003,2026-06-04T17:45:00,0.0,1.58,30.49,20.0,5.4,20.0,32.43,64.39,1011.76,6.35,18.3456,78.789
NODE_003,2026-06-04T18:00:00,0.0,1.59,31.89,20.0,5.39,20.0,30.75,67.5,1012.15,8.2,18.3456,78.789
NODE_003,2026-06-04T18:15:00,0.0,1.6,29.93,20.0,5.38,20.0,29.99,67.5,1011.94,5.48,18.3456,78.789
NODE_003,2026-06-04T18:30:00,0.0,1.6,30.09,20.0,5.37,20.0,29.75,67.5,1012.33,5.11,18.3456,78.789
NODE_003,2026-06-04T18:45:00,0.0,1.59,30.38,20.0,5.36,20.0,30.76,67.5,1011.95,7.19,18.3456,78.789
NODE_003,2026-06-04T19:00:00,0.0,1.59,31.51,20.0,5.35,20.0,29.48,71.12,1012.53,7.16,18.3456,78.789
NODE_003,2026-06-04T19:15:00,0.0,1.59,30.62,20.0,5.34,20.0,29.37,71.12,1012.0,8.57,18.3456,78.789
NODE_003,2026-06-04T19:30:00,0.0,1.57,30.61,20.0,5.33,20.0,30.13,71.12,1012.14,6.6,18.3456,78.789
NODE_003,2026-06-04T19:45:00,0.0,1.56,28.87,20.0,5.32,20.0,28.98,71.12,1011.92,5.79,18.3456,78.789
NODE_003,2026-06-04T20:00:00,0.0,1.57,30.36,20.0,5.31,20.0,28.41,75.0,1011.89,8.63,18.3456,78.789
NODE_003,2026-06-04T20:15:00,0.0,1.58,30.48,20.0,5.3,20.0,28.0,75.0,1011.24,7.97,18.3456,78.789
NODE_003,2026-06-04T20:30:00,0.0,1.57,29.68,20.0,5.29,20.0,27.43,75.0,1011.19,7.48,18.3456,78.789
NODE_003,2026-06-04T20:45:00,0.0,1.58,29.43,20.0,5.28,20.0,28.7,75.0,1012.58,5.83,18.3456,78.789
NODE_003,2026-06-04T21:00:00,0.0,1.56,28.91,20.0,5.27,20.0,26.25,78.88,1010.96,5.14,18.3456,78.789
NODE_003,2026-06-04T21:15:00,0.0,1.55,28.82,20.0,5.26,20.0,27.05,78.88,1011.29,6.32,18.3456,78.789
NODE_003,2026-06-04T21:30:00,0.0,1.55,28.15,20.0,5.25,20.0,25.65,78.88,1011.76,8.19,18.3456,78.789
NODE_003,2026-06-04T21:45:00,0.0,1.55,28.69,20.0,5.24,20.0,25.97,78.88,1013.49,6.23,18.3456,78.789
NODE_003,2026-06-04T22:00:00,0.0,1.54,28.71,20.0,5.23,20.0,25.78,82.5,1011.99,5.36,18.3456,78.789
NODE_003,2026-06-04T22:15:00,0.0,1.56,29.59,20.0,5.22,20.0,25.28,82.5,1012.14,5.23,18.3456,78.789
NODE_003,2026-06-04T22:30:00,0.0,1.57,29.35,20.0,5.21,20.0,24.91,82.5,1011.14,5.14,18.3456,78.789
NODE_003,2026-06-04T22:45:00,0.0,1.58,31.17,20.0,5.2,20.0,25.22,82.5,1011.37,5.02,18.3456,78.789
NODE_003,2026-06-04T23:00:00,0.0,1.6,30.18,20.0,5.19,20.0,24.68,85.61,1011.6,6.28,18.3456,78.789
NODE_003,2026-06-04T23:15:00,0.0,1.6,30.82,20.0,5.18,20.0,24.09,85.61,1012.84,6.05,18.3456,78.789
NODE_003,2026-06-04T23:30:00,0.0,1.59,31.3,20.0,5.17,20.0,24.32,85.61,1012.48,5.84,18.3456,78.789
NODE_003,2026-06-04T23:45:00,0.0,1.59,30.06,20.0,5.16,20.0,24.59,85.62,1011.0,7.11,18.3456,78.789
NODE_003,2026-06-05T00:00:00,0.0,1.6,30.14,20.0,5.15,20.0,23.01,88.0,1011.66,5.37,18.3456,78.789
NODE_003,2026-06-05T00:15:00,0.0,1.61,31.17,20.0,5.14,20.0,23.22,88.0,1011.56,5.91,18.3456,78.789
NODE_003,2026-06-05T00:30:00,0.0,1.63,31.25,20.0,5.13,20.0,23.65,88.0,1012.84,5.82,18.3456,78.789
NODE_003,2026-06-05T00:45:00,0.0,1.63,30.92,20.0,5.12,20.0,23.62,88.0,1011.4,5.17,18.3456,78.789
NODE_003,2026-06-05T01:00:00,0.0,1.63,31.68,20.0,5.11,20.0,23.4,89.5,1011.79,5.6,18.3456,78.789
NODE_003,2026-06-05T01:15:00,0.0,1.65,32.55,20.0,5.1,20.0,22.43,89.5,1012.13,8.44,18.3456,78.789
NODE_003,2026-06-05T01:30:00,0.0,1.64,31.55,20.0,5.09,20.0,22.94,89.51,1011.85,5.29,18.3456,78.789
NODE_003,2026-06-05T01:45:00,0.0,1.64,31.56,20.0,5.08,20.0,22.73,89.51,1012.28,5.21,18.3456,78.789
NODE_003,2026-06-05T02:00:00,0.0,1.64,31.59,20.0,5.07,20.0,23.58,90.02,1011.77,6.62,18.3456,78.789
NODE_003,2026-06-05T02:15:00,0.0,1.65,32.39,20.0,5.06,20.0,24.28,90.03,1011.78,6.67,18.3456,78.789
NODE_003,2026-06-05T02:30:00,0.0,1.64,32.02,20.0,5.05,20.0,22.64,90.03,1011.46,6.08,18.3456,78.789
NODE_003,2026-06-05T02:45:00,0.0,1.62,31.9,20.0,5.04,20.0,22.46,90.04,1011.91,12.27,18.3456,78.789
NODE_003,2026-06-05T03:00:00,0.0,1.62,31.12,20.0,5.03,20.0,23.41,89.53,1011.85,5.79,18.3456,78.789
NODE_003,2026-06-05T03:15:00,0.0,1.64,30.93,20.0,5.02,20.0,23.65,89.53,1012.31,5.69,18.3456,78.789
NODE_003,2026-06-05T03:30:00,0.0,1.62,30.66,20.0,5.01,20.0,23.62,89.53,1012.48,5.62,18.3456,78.789
NODE_003,2026-06-05T03:45:00,0.0,1.61,32.49,20.0,5.0,20.0,22.84,89.54,1012.77,6.1,18.3456,78.789
NODE_003,2026-06-05T04:00:00,0.0,1.61,31.2,20.0,5.0,20.0,23.72,88.06,1012.0,7.92,18.3456,78.789
NODE_003,2026-06-05T04:15:00,0.0,1.61,30.69,20.0,5.0,20.0,23.5,88.04,1012.08,6.63,18.3456,78.789
NODE_003,2026-06-05T04:30:00,0.14,1.6,30.6,20.0,5.0,20.0,23.63,88.08,1011.7,6.8,18.3456,78.789
NODE_003,2026-06-05T04:45:00,0.0,1.61,31.07,20.0,5.0,20.0,23.73,88.06,1011.61,6.5,18.3456,78.789
NODE_003,2026-06-05T05:00:00,0.11,1.62,31.33,20.0,5.0,20.0,24.11,85.71,1012.79,6.31,18.3456,78.789
NODE_003,2026-06-05T05:15:00,0.09,1.62,31.41,20.0,5.0,20.0,24.13,85.7,1012.14,5.93,18.3456,78.789
NODE_003,2026-06-05T05:30:00,0.17,1.62,31.71,20.0,5.0,20.0,25.02,85.73,1012.39,6.86,18.3456,78.789
NODE_003,2026-06-05T05:45:00,0.24,1.63,30.67,20.0,5.0,20.0,24.2,85.75,1011.76,5.3,18.3456,78.789
NODE_003,2026-06-05T06:00:00,0.22,1.63,32.6,20.0,5.0,20.0,25.42,82.61,1012.19,8.71,18.3456,78.789
NODE_003,2026-06-05T06:15:00,0.36,1.64,32.42,20.02,5.0,20.0,26.18,82.66,1012.33,11.53,18.3456,78.789
NODE_003,2026-06-05T06:30:00,0.41,1.63,31.22,20.07,5.0,20.0,26.62,82.69,1010.51,7.75,18.3456,78.789
NODE_003,2026-06-05T06:45:00,0.33,1.61,31.27,20.08,5.0,20.0,25.52,82.69,1011.71,6.45,18.3456,78.789
NODE_003,2026-06-05T07:00:00,0.3,1.6,31.6,20.08,5.0,20.0,26.68,79.05,1012.02,5.48,18.3456,78.789
NODE_003,2026-06-05T07:15:00,0.34,1.58,29.68,20.1,5.0,20.0,27.32,79.06,1011.76,5.66,18.3456,78.789
NODE_003,2026-06-05T07:30:00,0.47,1.57,30.0,20.16,5.0,20.0,26.61,79.15,1012.04,8.14,18.3456,78.789
NODE_003,2026-06-05T07:45:00,0.38,1.58,30.14,20.2,5.0,20.0,26.43,79.09,1010.91,5.69,18.3456,78.789
NODE_003,2026-06-05T08:00:00,0.47,1.58,30.93,20.26,5.0,20.0,27.78,75.29,1012.14,6.26,18.3456,78.789
NODE_003,2026-06-05T08:15:00,0.61,1.58,29.58,20.39,5.0,20.0,28.34,75.32,1012.03,5.27,18.3456,78.789
NODE_003,2026-06-05T08:30:00,0.56,1.57,29.09,20.49,5.0,20.0,27.93,75.3,1011.4,6.37,18.3456,78.789
NODE_003,2026-06-05T08:45:00,0.73,1.58,29.91,20.66,5.0,20.0,28.59,75.4,1012.38,6.42,18.3456,78.789
NODE_003,2026-06-05T09:00:00,0.72,1.56,29.42,20.83,5.0,20.0,28.54,71.56,1011.97,5.58,18.3456,78.789
NODE_003,2026-06-05T09:15:00,0.62,1.54,29.53,20.96,5.0,20.0,28.35,71.49,1012.64,6.06,18.3456,78.789
NODE_003,2026-06-05T09:30:00,0.66,1.53,28.44,21.1,5.0,20.0,29.26,71.54,1013.08,6.53,18.3456,78.789
NODE_003,2026-06-05T09:45:00,0.74,1.51,27.94,21.28,5.0,20.0,29.23,71.54,1011.09,8.3,18.3456,78.789
NODE_003,2026-06-05T10:00:00,0.97,1.51,28.32,21.55,5.0,20.0,31.05,68.04,1010.63,5.47,18.3456,78.789
NODE_003,2026-06-05T10:15:00,0.96,1.5,27.95,21.81,5.0,20.0,30.28,68.07,1011.34,8.11,18.3456,78.789
NODE_003,2026-06-05T10:30:00,0.96,1.49,27.11,22.08,5.0,20.0,30.35,68.03,1010.82,5.33,18.3456,78.789
NODE_003,2026-06-05T10:45:00,1.26,1.49,27.43,22.46,5.0,20.0,30.81,68.26,1011.22,5.97,18.3456,78.789
NODE_003,2026-06-05T11:00:00,1.34,1.51,26.28,22.88,5.0,20.0,31.18,65.22,1011.1,5.78,18.3456,78.789
NODE_003,2026-06-05T11:15:00,1.16,1.52,28.31,23.22,5.0,20.0,31.73,65.09,1011.29,5.58,18.3456,78.789
NODE_003,2026-06-05T11:30:00,1.37,1.53,27.95,23.65,5.0,20.0,30.39,65.19,1011.62,7.45,18.3456,78.789
NODE_003,2026-06-05T11:45:00,1.36,1.52,28.01,24.07,5.0,20.0,31.87,65.22,1010.43,7.55,18.3456,78.789
NODE_003,2026-06-05T12:00:00,1.6,1.52,28.81,24.59,5.0,20.0,31.74,62.91,1012.39,5.59,18.3456,78.789
NODE_003,2026-06-05T12:15:00,1.44,1.54,28.25,25.05,5.0,20.0,32.35,62.93,1011.98,7.85,18.3456,78.789
NODE_003,2026-06-05T12:30:00,1.56,1.53,28.55,25.55,5.0,20.0,31.95,62.92,1011.17,7.99,18.3456,78.789
NODE_003,2026-06-05T12:45:00,1.91,1.54,28.69,26.2,5.0,20.0,32.67,63.17,1010.24,6.59,18.3456,78.789
NODE_003,2026-06-05T13:00:00,2.39,1.54,29.62,27.03,5.0,20.0,33.87,61.93,1010.84,9.14,18.3456,78.789
NODE_003,2026-06-05T13:15:00,2.4,1.54,29.66,27.87,5.0,20.0,32.09,61.9,1011.14,6.21,18.3456,78.789
NODE_003,2026-06-05T13:30:00,2.35,1.54,28.9,28.69,5.0,20.0,32.72,61.96,1010.02,7.21,18.3456,78.789
NODE_003,2026-06-05T13:45:00,2.57,1.56,28.22,29.6,5.0,20.0,33.11,62.08,1010.07,6.62,18.3456,78.789
NODE_003,2026-06-05T14:00:00,2.58,1.56,29.53,30.51,5.0,20.0,32.44,61.55,1010.96,6.85,18.3456,78.789
NODE_003,2026-06-05T14:15:00,2.83,1.56,30.0,31.52,5.0,20.0,33.33,61.71,1011.27,7.43,18.3456,78.789
NODE_003,2026-06-05T14:30:00,3.29,1.55,29.51,32.72,5.0,20.0,33.16,62.0,1010.81,6.35,18.3456,78.789
NODE_003,2026-06-05T14:45:00,2.39,1.56,29.2,33.56,5.0,20.0,32.78,61.45,1010.94,6.11,18.3456,78.789
NODE_003,2026-06-05T15:00:00,3.21,1.56,29.93,34.72,5.0,20.0,32.82,62.43,1010.68,6.81,18.3456,78.789
NODE_003,2026-06-05T15:15:00,3.59,1.57,30.67,36.04,5.0,20.0,33.31,62.65,1010.79,6.29,18.3456,78.789
NODE_003,2026-06-05T15:30:00,4.13,1.58,30.09,37.57,5.0,20.0,33.88,62.93,1009.78,7.26,18.3456,78.789
NODE_003,2026-06-05T15:45:00,4.17,1.59,30.35,39.12,5.0,20.0,33.51,63.01,1010.17,6.93,18.3456,78.789
NODE_003,2026-06-05T16:00:00,4.31,1.59,31.1,40.72,5.0,20.0,32.77,64.57,1011.51,6.83,18.3456,78.789
NODE_003,2026-06-05T16:15:00,3.85,1.61,31.15,42.14,5.0,20.0,31.98,64.33,1011.29,6.93,18.3456,78.789
NODE_003,2026-06-05T16:30:00,3.85,1.62,29.83,43.56,5.0,20.0,32.88,64.29,1011.01,8.04,18.3456,78.789
NODE_003,2026-06-05T16:45:00,3.73,1.62,30.66,44.93,5.0,20.0,32.01,64.25,1010.43,7.7,18.3456,78.789
NODE_003,2026-06-05T17:00:00,4.86,1.62,31.69,46.76,5.0,20.0,30.96,67.32,1009.66,6.84,18.3456,78.789
NODE_003,2026-06-05T17:15:00,4.94,1.62,30.81,48.61,5.0,20.0,30.01,67.34,1010.61,6.64,18.3456,78.789
NODE_003,2026-06-05T17:30:00,4.01,1.64,31.53,50.1,5.0,20.0,31.03,66.84,1009.81,7.41,18.3456,78.789
NODE_003,2026-06-05T17:45:00,4.5,1.65,32.37,51.78,5.0,20.0,32.16,67.09,1009.99,6.56,18.3456,78.789
NODE_003,2026-06-05T18:00:00,5.46,1.66,34.0,53.84,5.0,20.0,30.85,70.81,1010.53,9.34,18.3456,78.789
NODE_003,2026-06-05T18:15:00,5.32,1.67,33.05,55.85,5.0,20.0,30.86,70.69,1010.18,10.19,18.3456,78.789
NODE_003,2026-06-05T18:30:00,6.36,1.69,33.35,58.27,5.0,20.0,30.36,71.32,1009.22,8.06,18.3456,78.789
NODE_003,2026-06-05T18:45:00,5.04,1.7,33.16,60.17,5.0,20.0,30.71,70.51,1009.62,7.25,18.3456,78.789
NODE_003,2026-06-05T19:00:00,6.17,1.72,35.36,62.52,5.0,20.0,29.73,74.83,1008.49,7.14,18.3456,78.789
NODE_003,2026-06-05T19:15:00,5.23,1.73,35.36,64.49,5.0,20.0,29.73,74.23,1010.06,7.5,18.3456,78.789
NODE_003,2026-06-05T19:30:00,5.72,1.75,34.89,66.66,5.01,20.0,29.59,74.5,1010.22,8.98,18.3456,78.789
NODE_003,2026-06-05T19:45:00,6.47,1.77,36.76,69.12,5.01,20.0,29.04,75.01,1010.39,8.25,18.3456,78.789
NODE_003,2026-06-05T20:00:00,5.18,1.79,36.89,71.08,5.02,20.0,28.19,78.11,1010.37,9.57,18.3456,78.789
NODE_003,2026-06-05T20:15:00,5.38,1.82,38.54,73.11,5.03,20.0,28.16,78.21,1010.12,6.98,18.3456,78.789
NODE_003,2026-06-05T20:30:00,6.62,1.83,39.22,75.64,5.04,20.0,27.85,78.97,1009.96,7.44,18.3456,78.789
NODE_003,2026-06-05T20:45:00,7.49,1.87,39.56,78.51,5.06,20.0,28.07,79.48,1009.72,7.71,18.3456,78.789
NODE_003,2026-06-05T21:00:00,7.24,1.92,41.98,81.29,5.08,20.0,27.2,83.28,1008.95,7.88,18.3456,78.789
NODE_003,2026-06-05T21:15:00,7.96,1.97,42.93,84.35,5.1,20.0,26.75,83.71,1008.64,8.77,18.3456,78.789
NODE_003,2026-06-05T21:30:00,6.61,2.03,44.79,86.88,5.13,20.0,26.26,82.88,1007.82,7.17,18.3456,78.789
NODE_003,2026-06-05T21:45:00,6.13,2.09,47.15,89.21,5.16,20.0,26.98,82.57,1008.83,8.12,18.3456,78.789
NODE_003,2026-06-05T22:00:00,6.16,2.15,49.45,91.55,5.2,20.0,26.08,86.22,1009.91,7.16,18.3456,78.789
NODE_003,2026-06-05T22:15:00,7.34,2.19,52.76,94.37,5.23,20.0,25.82,86.9,1009.47,8.54,18.3456,78.789
NODE_003,2026-06-05T22:30:00,8.7,2.26,54.41,97.73,5.28,20.0,25.14,87.68,1009.02,10.55,18.3456,78.789
NODE_003,2026-06-05T22:45:00,7.91,2.33,57.72,98.0,5.32,20.0,25.74,87.28,1008.3,8.08,18.3456,78.789
NODE_003,2026-06-05T23:00:00,5.91,2.4,59.95,98.0,5.37,20.0,24.05,89.17,1009.89,7.07,18.3456,78.789
NODE_003,2026-06-05T23:15:00,8.92,2.51,64.55,98.0,5.43,20.0,24.45,90.92,1007.97,8.41,18.3456,78.789
NODE_003,2026-06-05T23:30:00,6.47,2.59,68.11,98.0,5.49,20.0,24.63,89.46,1009.28,7.5,18.3456,78.789
NODE_003,2026-06-05T23:45:00,8.04,2.66,71.84,98.0,5.55,20.0,25.1,90.43,1009.46,12.21,18.3456,78.789
NODE_004,2026-06-01T00:00:00,0.0,1.48,26.8,34.88,15.74,35.0,24.02,87.99,1012.17,5.35,18.4567,78.8901
NODE_004,2026-06-01T00:15:00,0.0,1.48,25.83,34.76,15.73,35.0,23.5,87.99,1011.69,6.43,18.4567,78.8901
NODE_004,2026-06-01T00:30:00,0.0,1.48,27.88,34.64,15.72,35.0,23.61,87.99,1011.81,5.3,18.4567,78.8901
NODE_004,2026-06-01T00:45:00,0.0,1.48,26.1,34.52,15.71,35.0,22.28,87.99,1011.91,9.69,18.4567,78.8901
NODE_004,2026-06-01T01:00:00,0.0,1.47,25.53,34.4,15.7,35.0,23.37,89.49,1012.83,8.97,18.4567,78.8901
NODE_004,2026-06-01T01:15:00,0.0,1.47,26.1,34.28,15.69,35.0,23.27,89.49,1011.61,5.51,18.4567,78.8901
NODE_004,2026-06-01T01:30:00,0.0,1.46,26.59,34.16,15.68,35.0,22.77,89.49,1012.03,6.8,18.4567,78.8901
NODE_004,2026-06-01T01:45:00,0.0,1.44,25.41,34.04,15.67,35.0,24.06,89.49,1011.88,6.13,18.4567,78.8901
NODE_004,2026-06-01T02:00:00,0.0,1.45,25.5,33.92,15.66,35.0,23.31,90.0,1012.08,6.67,18.4567,78.8901
NODE_004,2026-06-01T02:15:00,0.0,1.47,26.08,33.8,15.65,35.0,23.51,90.0,1011.8,5.81,18.4567,78.8901
NODE_004,2026-06-01T02:30:00,0.0,1.46,25.35,33.68,15.64,35.0,22.37,90.0,1012.19,5.64,18.4567,78.8901
NODE_004,2026-06-01T02:45:00,0.0,1.46,26.15,33.56,15.63,35.0,22.63,90.0,1011.84,5.24,18.4567,78.8901
NODE_004,2026-06-01T03:00:00,0.0,1.46,25.94,33.44,15.62,35.0,23.87,89.49,1012.66,7.63,18.4567,78.8901
NODE_004,2026-06-01T03:15:00,0.0,1.47,26.27,33.32,15.61,35.0,23.54,89.49,1012.84,7.68,18.4567,78.8901
NODE_004,2026-06-01T03:30:00,0.0,1.47,26.91,33.2,15.6,35.0,22.04,89.49,1012.32,5.62,18.4567,78.8901
NODE_004,2026-06-01T03:45:00,0.0,1.47,26.48,33.08,15.59,35.0,23.83,89.49,1011.99,5.77,18.4567,78.8901
NODE_004,2026-06-01T04:00:00,0.0,1.48,26.0,32.96,15.58,35.0,24.3,87.99,1011.53,7.04,18.4567,78.8901
NODE_004,2026-06-01T04:15:00,0.0,1.48,27.62,32.84,15.57,35.0,23.49,87.99,1011.39,5.66,18.4567,78.8901
NODE_004,2026-06-01T04:30:00,0.0,1.47,25.96,32.72,15.56,35.0,23.86,87.99,1011.71,5.76,18.4567,78.8901
NODE_004,2026-06-01T04:45:00,0.0,1.47,26.57,32.6,15.55,35.0,22.59,87.99,1011.98,5.42,18.4567,78.8901
NODE_004,2026-06-01T05:00:00,0.0,1.48,27.3,32.48,15.54,35.0,24.16,85.61,1012.25,5.07,18.4567,78.8901
NODE_004,2026-06-01T05:15:00,0.0,1.49,27.77,32.36,15.53,35.0,24.45,85.61,1012.68,5.34,18.4567,78.8901
NODE_004,2026-06-01T05:30:00,0.0,1.49,27.44,32.24,15.52,35.0,24.65,85.61,1011.88,5.17,18.4567,78.8901
NODE_004,2026-06-01T05:45:00,0.0,1.49,26.96,32.12,15.51,35.0,24.04,85.61,1012.3,5.88,18.4567,78.8901
NODE_004,2026-06-01T06:00:00,0.0,1.5,27.73,32.0,15.5,35.0,25.16,82.5,1012.72,5.6,18.4567,78.8901
NODE_004,2026-06-01T06:15:00,0.0,1.49,27.55,31.88,15.49,35.0,25.44,82.5,1011.75,5.26,18.4567,78.8901
NODE_004,2026-06-01T06:30:00,0.0,1.49,27.25,31.76,15.48,35.0,24.88,82.5,1012.48,5.33,18.4567,78.8901
NODE_004,2026-06-01T06:45:00,0.0,1.49,26.7,31.64,15.47,35.0,25.62,82.5,1010.16,5.58,18.4567,78.8901
NODE_004,2026-06-01T07:00:00,0.0,1.47,26.97,31.52,15.46,35.0,27.25,78.88,1012.33,6.13,18.4567,78.8901
NODE_004,2026-06-01T07:15:00,0.0,1.48,26.05,31.4,15.45,35.0,26.3,78.88,1011.75,5.43,18.4567,78.8901
NODE_004,2026-06-01T07:30:00,0.0,1.49,27.4,31.28,15.44,35.0,27.03,78.88,1012.05,5.33,18.4567,78.8901
NODE_004,2026-06-01T07:45:00,0.0,1.49,26.89,31.16,15.43,35.0,25.9,78.88,1012.2,5.46,18.4567,78.8901
NODE_004,2026-06-01T08:00:00,0.0,1.48,26.85,31.04,15.42,35.0,27.88,75.0,1012.74,6.8,18.4567,78.8901
NODE_004,2026-06-01T08:15:00,0.0,1.48,26.65,30.92,15.41,35.0,28.72,75.0,1011.09,9.44,18.4567,78.8901
NODE_004,2026-06-01T08:30:00,0.0,1.49,27.05,30.8,15.4,35.0,28.05,75.0,1010.97,5.04,18.4567,78.8901
NODE_004,2026-06-01T08:45:00,0.0,1.48,26.3,30.68,15.39,35.0,27.06,75.0,1013.02,5.5,18.4567,78.8901
NODE_004,2026-06-01T09:00:00,0.0,1.5,26.46,30.56,15.38,35.0,28.27,71.12,1011.41,7.81,18.4567,78.8901
NODE_004,2026-06-01T09:15:00,0.0,1.5,28.01,30.44,15.37,35.0,29.67,71.12,1011.58,6.14,18.4567,78.8901
NODE_004,2026-06-01T09:30:00,0.0,1.49,27.12,30.32,15.36,35.0,29.64,71.12,1011.54,7.41,18.4567,78.8901
NODE_004,2026-06-01T09:45:00,0.0,1.48,27.07,30.2,15.35,35.0,29.29,71.12,1011.98,5.65,18.4567,78.8901
NODE_004,2026-06-01T10:00:00,0.0,1.48,25.09,30.08,15.34,35.0,30.29,67.5,1012.31,5.39,18.4567,78.8901
NODE_004,2026-06-01T10:15:00,0.0,1.49,27.56,29.96,15.33,35.0,30.15,67.5,1011.56,5.28,18.4567,78.8901
NODE_004,2026-06-01T10:30:00,0.0,1.48,27.3,29.84,15.32,35.0,31.4,67.5,1011.84,7.0,18.4567,78.8901
NODE_004,2026-06-01T10:45:00,0.0,1.48,27.8,29.72,15.31,35.0,30.38,67.5,1011.9,5.22,18.4567,78.8901
NODE_004,2026-06-01T11:00:00,0.0,1.49,26.58,29.6,15.3,35.0,31.89,64.39,1012.4,6.39,18.4567,78.8901
NODE_004,2026-06-01T11:15:00,0.0,1.5,27.92,29.48,15.29,35.0,31.76,64.39,1012.43,5.46,18.4567,78.8901
NODE_004,2026-06-01T11:30:00,0.0,1.52,28.05,29.36,15.28,35.0,31.44,64.39,1012.27,5.17,18.4567,78.8901
NODE_004,2026-06-01T11:45:00,0.0,1.52,28.35,29.24,15.27,35.0,31.17,64.39,1011.56,5.42,18.4567,78.8901
NODE_004,2026-06-01T12:00:00,0.0,1.52,28.63,29.12,15.26,35.0,32.62,62.01,1011.39,7.15,18.4567,78.8901
NODE_004,2026-06-01T12:15:00,0.0,1.54,27.67,29.0,15.25,35.0,32.18,62.01,1011.38,7.37,18.4567,78.8901
NODE_004,2026-06-01T12:30:00,0.0,1.54,28.87,28.88,15.24,35.0,31.56,62.01,1012.66,5.75,18.4567,78.8901
NODE_004,2026-06-01T12:45:00,0.0,1.54,28.02,28.76,15.23,35.0,33.1,62.01,1012.12,5.14,18.4567,78.8901
NODE_004,2026-06-01T13:00:00,0.0,1.56,29.84,28.64,15.22,35.0,32.66,60.51,1012.01,5.46,18.4567,78.8901
NODE_004,2026-06-01T13:15:00,0.0,1.56,29.28,28.52,15.21,35.0,32.93,60.51,1012.31,5.8,18.4567,78.8901
NODE_004,2026-06-01T13:30:00,0.0,1.57,30.3,28.4,15.2,35.0,33.15,60.51,1012.94,7.34,18.4567,78.8901
NODE_004,2026-06-01T13:45:00,0.0,1.56,29.74,28.28,15.19,35.0,32.84,60.51,1012.16,5.18,18.4567,78.8901
NODE_004,2026-06-01T14:00:00,0.0,1.54,28.25,28.16,15.18,35.0,33.4,60.0,1012.82,5.93,18.4567,78.8901
NODE_004,2026-06-01T14:15:00,0.0,1.54,28.14,28.04,15.17,35.0,33.66,60.0,1012.36,6.7,18.4567,78.8901
NODE_004,2026-06-01T14:30:00,0.0,1.55,29.62,27.92,15.16,35.0,32.94,60.0,1012.73,6.15,18.4567,78.8901
NODE_004,2026-06-01T14:45:00,0.0,1.55,28.8,27.8,15.15,35.0,33.45,60.0,1011.9,5.27,18.4567,78.8901
NODE_004,2026-06-01T15:00:00,0.0,1.56,29.03,27.68,15.14,35.0,33.0,60.51,1012.15,12.17,18.4567,78.8901
NODE_004,2026-06-01T15:15:00,0.0,1.57,28.99,27.56,15.13,35.0,32.72,60.51,1011.53,7.83,18.4567,78.8901
NODE_004,2026-06-01T15:30:00,0.0,1.57,29.53,27.44,15.12,35.0,33.94,60.51,1012.03,10.41,18.4567,78.8901
NODE_004,2026-06-01T15:45:00,0.0,1.55,29.53,27.32,15.11,35.0,32.8,60.51,1012.56,5.12,18.4567,78.8901
NODE_004,2026-06-01T16:00:00,0.0,1.54,28.57,27.2,15.1,35.0,32.43,62.01,1011.9,6.11,18.4567,78.8901
NODE_004,2026-06-01T16:15:00,0.0,1.54,28.18,27.08,15.09,35.0,32.4,62.01,1011.08,5.46,18.4567,78.8901
NODE_004,2026-06-01T16:30:00,0.0,1.56,28.35,26.96,15.08,35.0,33.04,62.01,1011.59,6.21,18.4567,78.8901
NODE_004,2026-06-01T16:45:00,0.0,1.56,29.66,26.84,15.07,35.0,32.62,62.01,1011.91,5.08,18.4567,78.8901
NODE_004,2026-06-01T17:00:00,0.0,1.56,29.43,26.72,15.06,35.0,31.27,64.39,1012.25,5.53,18.4567,78.8901
NODE_004,2026-06-01T17:15:00,0.0,1.56,29.09,26.6,15.05,35.0,31.84,64.39,1012.43,6.96,18.4567,78.8901
NODE_004,2026-06-01T17:30:00,0.0,1.56,29.18,26.48,15.04,35.0,32.0,64.39,1012.25,5.06,18.4567,78.8901
NODE_004,2026-06-01T17:45:00,0.0,1.57,29.42,26.36,15.03,35.0,31.63,64.39,1011.43,8.74,18.4567,78.8901
NODE_004,2026-06-01T18:00:00,0.0,1.56,29.27,26.24,15.02,35.0,30.0,67.5,1013.1,9.18,18.4567,78.8901
NODE_004,2026-06-01T18:15:00,0.0,1.56,29.99,26.12,15.01,35.0,30.47,67.5,1011.78,5.49,18.4567,78.8901
NODE_004,2026-06-01T18:30:00,0.0,1.55,29.08,26.0,15.0,35.0,30.82,67.5,1013.16,5.14,18.4567,78.8901
NODE_004,2026-06-01T18:45:00,0.0,1.54,29.29,25.88,14.99,35.0,31.5,67.5,1011.85,8.11,18.4567,78.8901
NODE_004,2026-06-01T19:00:00,0.0,1.51,28.16,25.76,14.98,35.0,28.89,71.12,1011.41,5.47,18.4567,78.8901
NODE_004,2026-06-01T19:15:00,0.0,1.5,27.4,25.64,14.97,35.0,30.32,71.12,1012.07,5.73,18.4567,78.8901
NODE_004,2026-06-01T19:30:00,0.0,1.49,27.66,25.52,14.96,35.0,29.93,71.12,1011.6,7.12,18.4567,78.8901
NODE_004,2026-06-01T19:45:00,0.0,1.49,28.63,25.4,14.95,35.0,30.06,71.12,1012.95,5.99,18.4567,78.8901
NODE_004,2026-06-01T20:00:00,0.0,1.48,27.16,25.28,14.94,35.0,28.85,75.0,1012.26,5.17,18.4567,78.8901
NODE_004,2026-06-01T20:15:00,0.0,1.47,27.19,25.16,14.93,35.0,27.34,75.0,1011.88,6.0,18.4567,78.8901
NODE_004,2026-06-01T20:30:00,0.0,1.47,27.13,25.04,14.92,35.0,27.19,75.0,1012.44,8.61,18.4567,78.8901
NODE_004,2026-06-01T20:45:00,0.0,1.47,27.21,24.92,14.91,35.0,27.4,75.0,1011.49,5.05,18.4567,78.8901
NODE_004,2026-06-01T21:00:00,0.0,1.45,25.91,24.8,14.9,35.0,26.54,78.88,1011.0,7.56,18.4567,78.8901
NODE_004,2026-06-01T21:15:00,0.0,1.45,27.22,24.68,14.89,35.0,25.96,78.88,1011.44,5.29,18.4567,78.8901
NODE_004,2026-06-01T21:30:00,0.0,1.45,26.42,24.56,14.88,35.0,27.33,78.88,1012.34,7.14,18.4567,78.8901
NODE_004,2026-06-01T21:45:00,0.0,1.45,25.93,24.44,14.87,35.0,26.6,78.88,1012.27,6.05,18.4567,78.8901
NODE_004,2026-06-01T22:00:00,0.0,1.44,26.1,24.32,14.86,35.0,25.13,82.5,1011.72,5.04,18.4567,78.8901
NODE_004,2026-06-01T22:15:00,0.0,1.45,26.35,24.2,14.85,35.0,26.16,82.5,1012.59,5.01,18.4567,78.8901
NODE_004,2026-06-01T22:30:00,0.0,1.44,25.8,24.08,14.84,35.0,25.88,82.5,1011.85,5.52,18.4567,78.8901
NODE_004,2026-06-01T22:45:00,0.0,1.43,25.66,23.96,14.83,35.0,25.66,82.5,1011.26,7.17,18.4567,78.8901
NODE_004,2026-06-01T23:00:00,0.0,1.41,25.95,23.84,14.82,35.0,24.92,85.61,1011.96,5.79,18.4567,78.8901
NODE_004,2026-06-01T23:15:00,0.0,1.4,24.03,23.72,14.81,35.0,25.21,85.61,1011.86,6.12,18.4567,78.8901
NODE_004,2026-06-01T23:30:00,0.0,1.4,24.16,23.6,14.8,35.0,24.51,85.61,1011.75,5.39,18.4567,78.8901
NODE_004,2026-06-01T23:45:00,0.0,1.41,25.41,23.48,14.79,35.0,25.02,85.61,1012.4,6.05,18.4567,78.8901
NODE_004,2026-06-02T00:00:00,0.0,1.42,26.32,23.36,14.78,35.0,23.24,87.99,1011.67,5.88,18.4567,78.8901
NODE_004,2026-06-02T00:15:00,0.0,1.44,26.15,23.24,14.77,35.0,23.65,87.99,1013.08,5.05,18.4567,78.8901
NODE_004,2026-06-02T00:30:00,0.0,1.44,25.39,23.12,14.76,35.0,24.42,87.99,1011.76,5.39,18.4567,78.8901
NODE_004,2026-06-02T00:45:00,0.0,1.45,25.17,23.0,14.75,35.0,24.18,87.99,1011.81,7.64,18.4567,78.8901
NODE_004,2026-06-02T01:00:00,0.0,1.45,26.25,22.88,14.74,35.0,22.7,89.49,1012.4,5.28,18.4567,78.8901
NODE_004,2026-06-02T01:15:00,0.0,1.43,25.58,22.76,14.73,35.0,22.68,89.49,1012.36,5.45,18.4567,78.8901
NODE_004,2026-06-02T01:30:00,0.0,1.43,26.47,22.64,14.72,35.0,22.91,89.49,1011.63,5.05,18.4567,78.8901
NODE_004,2026-06-02T01:45:00,0.0,1.44,25.54,22.52,14.71,35.0,23.29,89.49,1011.58,5.15,18.4567,78.8901
NODE_004,2026-06-02T02:00:00,0.0,1.45,26.07,22.4,14.7,35.0,22.82,90.0,1012.09,7.58,18.4567,78.8901
NODE_004,2026-06-02T02:15:00,0.0,1.46,25.63,22.28,14.69,35.0,23.82,90.0,1012.45,12.55,18.4567,78.8901
NODE_004,2026-06-02T02:30:00,0.0,1.46,25.98,22.16,14.68,35.0,22.72,90.0,1011.98,5.02,18.4567,78.8901
NODE_004,2026-06-02T02:45:00,0.0,1.47,26.63,22.04,14.67,35.0,23.83,90.0,1013.04,5.05,18.4567,78.8901
NODE_004,2026-06-02T03:00:00,0.0,1.47,27.45,21.92,14.66,35.0,23.99,89.49,1011.33,7.27,18.4567,78.8901
NODE_004,2026-06-02T03:15:00,0.0,1.46,25.99,21.8,14.65,35.0,23.01,89.49,1012.52,8.29,18.4567,78.8901
NODE_004,2026-06-02T03:30:00,0.0,1.49,27.61,21.68,14.64,35.0,22.45,89.49,1011.78,5.4,18.4567,78.8901
NODE_004,2026-06-02T03:45:00,0.0,1.48,26.55,21.56,14.63,35.0,21.98,89.49,1011.72,8.71,18.4567,78.8901
NODE_004,2026-06-02T04:00:00,0.0,1.47,26.74,21.44,14.62,35.0,23.66,87.99,1010.92,5.92,18.4567,78.8901
NODE_004,2026-06-02T04:15:00,0.0,1.49,26.75,21.32,14.61,35.0,22.86,87.99,1012.04,5.31,18.4567,78.8901
NODE_004,2026-06-02T04:30:00,0.0,1.48,26.12,21.2,14.6,35.0,24.13,87.99,1012.58,5.95,18.4567,78.8901
NODE_004,2026-06-02T04:45:00,0.0,1.48,26.85,21.08,14.59,35.0,23.63,87.99,1013.13,7.84,18.4567,78.8901
NODE_004,2026-06-02T05:00:00,0.0,1.49,27.5,20.96,14.58,35.0,24.64,85.61,1011.52,5.54,18.4567,78.8901
NODE_004,2026-06-02T05:15:00,0.0,1.48,26.5,20.84,14.57,35.0,24.15,85.61,1011.65,6.1,18.4567,78.8901
NODE_004,2026-06-02T05:30:00,0.0,1.47,27.02,20.72,14.56,35.0,24.01,85.61,1011.76,5.34,18.4567,78.8901
NODE_004,2026-06-02T05:45:00,0.0,1.47,26.39,20.6,14.55,35.0,24.5,85.61,1011.86,10.59,18.4567,78.8901
NODE_004,2026-06-02T06:00:00,0.0,1.45,26.62,20.48,14.54,35.0,25.93,82.5,1012.07,7.3,18.4567,78.8901
NODE_004,2026-06-02T06:15:00,0.0,1.47,26.88,20.36,14.53,35.0,25.06,82.5,1012.05,6.7,18.4567,78.8901
NODE_004,2026-06-02T06:30:00,0.0,1.45,26.14,20.24,14.52,35.0,25.2,82.5,1012.28,5.46,18.4567,78.8901
NODE_004,2026-06-02T06:45:00,0.0,1.47,26.73,20.12,14.51,35.0,25.46,82.5,1012.57,7.41,18.4567,78.8901
NODE_004,2026-06-02T07:00:00,0.0,1.45,26.21,20.0,14.5,35.0,27.19,78.88,1011.75,5.48,18.4567,78.8901
NODE_004,2026-06-02T07:15:00,0.0,1.46,26.24,20.0,14.49,35.0,25.71,78.88,1011.87,5.47,18.4567,78.8901
NODE_004,2026-06-02T07:30:00,0.0,1.47,27.26,20.0,14.48,35.0,26.72,78.88,1011.91,6.04,18.4567,78.8901
NODE_004,2026-06-02T07:45:00,0.0,1.47,26.38,20.0,14.47,35.0,26.92,78.88,1012.08,7.6,18.4567,78.8901
NODE_004,2026-06-02T08:00:00,0.0,1.46,25.35,20.0,14.46,35.0,27.19,75.0,1011.57,5.9,18.4567,78.8901
NODE_004,2026-06-02T08:15:00,0.0,1.46,26.75,20.0,14.45,35.0,27.98,75.0,1012.41,6.47,18.4567,78.8901
NODE_004,2026-06-02T08:30:00,0.0,1.45,25.89,20.0,14.44,35.0,27.04,75.0,1011.26,5.7,18.4567,78.8901
NODE_004,2026-06-02T08:45:00,0.0,1.45,26.95,20.0,14.43,35.0,27.49,75.0,1012.17,6.11,18.4567,78.8901
NODE_004,2026-06-02T09:00:00,0.0,1.46,25.75,20.0,14.42,35.0,29.08,71.12,1011.93,7.8,18.4567,78.8901
NODE_004,2026-06-02T09:15:00,0.0,1.46,26.16,20.0,14.41,35.0,29.2,71.12,1012.14,8.58,18.4567,78.8901
NODE_004,2026-06-02T09:30:00,0.0,1.45,26.32,20.0,14.4,35.0,28.39,71.12,1013.32,5.38,18.4567,78.8901
NODE_004,2026-06-02T09:45:00,0.0,1.45,25.15,20.0,14.39,35.0,28.49,71.12,1012.17,9.67,18.4567,78.8901
NODE_004,2026-06-02T10:00:00,0.0,1.45,26.93,20.0,14.38,35.0,30.47,67.5,1011.21,8.09,18.4567,78.8901
NODE_004,2026-06-02T10:15:00,0.0,1.45,26.31,20.0,14.37,35.0,30.63,67.5,1011.72,5.27,18.4567,78.8901
NODE_004,2026-06-02T10:30:00,0.0,1.45,25.48,20.0,14.36,35.0,29.59,67.5,1011.5,7.94,18.4567,78.8901
NODE_004,2026-06-02T10:45:00,0.0,1.44,24.47,20.0,14.35,35.0,30.72,67.5,1011.62,8.53,18.4567,78.8901
NODE_004,2026-06-02T11:00:00,0.0,1.46,26.78,20.0,14.34,35.0,31.55,64.39,1012.39,6.0,18.4567,78.8901
NODE_004,2026-06-02T11:15:00,0.0,1.45,26.06,20.0,14.33,35.0,31.16,64.39,1011.94,7.31,18.4567,78.8901
NODE_004,2026-06-02T11:30:00,0.0,1.45,26.62,20.0,14.32,35.0,31.97,64.39,1012.15,8.28,18.4567,78.8901
NODE_004,2026-06-02T11:45:00,0.0,1.45,26.55,20.0,14.31,35.0,32.34,64.39,1012.76,5.68,18.4567,78.8901
NODE_004,2026-06-02T12:00:00,0.0,1.45,25.46,20.0,14.3,35.0,32.38,62.01,1012.0,6.02,18.4567,78.8901
NODE_004,2026-06-02T12:15:00,0.0,1.44,26.27,20.0,14.29,35.0,32.61,62.01,1012.32,7.33,18.4567,78.8901
NODE_004,2026-06-02T12:30:00,0.0,1.45,26.4,20.0,14.28,35.0,32.17,62.01,1011.87,10.57,18.4567,78.8901
NODE_004,2026-06-02T12:45:00,0.0,1.45,26.78,20.0,14.27,35.0,32.65,62.01,1013.04,5.08,18.4567,78.8901
NODE_004,2026-06-02T13:00:00,0.0,1.44,25.39,20.0,14.26,35.0,32.85,60.51,1013.1,6.02,18.4567,78.8901
NODE_004,2026-06-02T13:15:00,0.0,1.44,25.32,20.0,14.25,35.0,32.63,60.51,1011.78,10.42,18.4567,78.8901
NODE_004,2026-06-02T13:30:00,0.0,1.45,26.21,20.0,14.24,35.0,33.69,60.51,1012.71,5.25,18.4567,78.8901
NODE_004,2026-06-02T13:45:00,0.0,1.45,26.53,20.0,14.23,35.0,32.44,60.51,1011.51,9.17,18.4567,78.8901
NODE_004,2026-06-02T14:00:00,0.0,1.45,25.37,20.0,14.22,35.0,32.92,60.0,1011.61,6.23,18.4567,78.8901
NODE_004,2026-06-02T14:15:00,0.0,1.45,26.37,20.0,14.21,35.0,32.17,60.0,1012.48,7.28,18.4567,78.8901
NODE_004,2026-06-02T14:30:00,0.0,1.44,26.9,20.0,14.2,35.0,32.87,60.0,1012.12,5.13,18.4567,78.8901
NODE_004,2026-06-02T14:45:00,0.0,1.41,24.94,20.0,14.19,35.0,32.88,60.0,1012.37,5.51,18.4567,78.8901
NODE_004,2026-06-02T15:00:00,0.0,1.42,24.73,20.0,14.18,35.0,33.48,60.51,1011.48,7.14,18.4567,78.8901
NODE_004,2026-06-02T15:15:00,0.0,1.41,24.64,20.0,14.17,35.0,33.64,60.51,1011.52,5.97,18.4567,78.8901
NODE_004,2026-06-02T15:30:00,0.0,1.44,26.16,20.0,14.16,35.0,32.75,60.51,1011.98,6.11,18.4567,78.8901
NODE_004,2026-06-02T15:45:00,0.0,1.46,25.93,20.0,14.15,35.0,32.62,60.51,1011.47,5.83,18.4567,78.8901
NODE_004,2026-06-02T16:00:00,0.0,1.45,26.26,20.0,14.14,35.0,33.63,62.01,1012.43,7.88,18.4567,78.8901
NODE_004,2026-06-02T16:15:00,0.0,1.45,25.82,20.0,14.13,35.0,32.07,62.01,1012.86,5.52,18.4567,78.8901
NODE_004,2026-06-02T16:30:00,0.0,1.45,26.33,20.0,14.12,35.0,31.69,62.01,1011.63,6.78,18.4567,78.8901
NODE_004,2026-06-02T16:45:00,0.0,1.45,25.55,20.0,14.11,35.0,31.59,62.01,1012.53,5.42,18.4567,78.8901
NODE_004,2026-06-02T17:00:00,0.0,1.44,26.38,20.0,14.1,35.0,31.59,64.39,1011.37,6.34,18.4567,78.8901
NODE_004,2026-06-02T17:15:00,0.0,1.46,26.45,20.0,14.09,35.0,31.38,64.39,1012.69,5.9,18.4567,78.8901
NODE_004,2026-06-02T17:30:00,0.0,1.46,25.26,20.0,14.08,35.0,31.23,64.39,1011.82,6.22,18.4567,78.8901
NODE_004,2026-06-02T17:45:00,0.0,1.47,26.89,20.0,14.07,35.0,31.49,64.39,1013.11,6.45,18.4567,78.8901
NODE_004,2026-06-02T18:00:00,0.0,1.47,27.2,20.0,14.06,35.0,30.65,67.5,1012.92,6.7,18.4567,78.8901
NODE_004,2026-06-02T18:15:00,0.0,1.47,26.44,20.0,14.05,35.0,31.23,67.5,1011.76,6.31,18.4567,78.8901
NODE_004,2026-06-02T18:30:00,0.0,1.46,27.82,20.0,14.04,35.0,29.58,67.5,1011.61,5.14,18.4567,78.8901
NODE_004,2026-06-02T18:45:00,0.0,1.47,26.66,20.0,14.03,35.0,30.62,67.5,1011.57,7.01,18.4567,78.8901
NODE_004,2026-06-02T19:00:00,0.0,1.46,26.09,20.0,14.02,35.0,29.57,71.12,1011.94,8.01,18.4567,78.8901
NODE_004,2026-06-02T19:15:00,0.0,1.48,27.06,20.0,14.01,35.0,28.29,71.12,1011.34,6.29,18.4567,78.8901
NODE_004,2026-06-02T19:30:00,0.0,1.47,26.64,20.0,14.0,35.0,28.81,71.12,1012.01,7.93,18.4567,78.8901
NODE_004,2026-06-02T19:45:00,0.0,1.48,26.94,20.0,13.99,35.0,29.32,71.12,1011.94,7.85,18.4567,78.8901
NODE_004,2026-06-02T20:00:00,0.0,1.47,26.03,20.0,13.98,35.0,28.88,75.0,1012.61,7.8,18.4567,78.8901
NODE_004,2026-06-02T20:15:00,0.0,1.47,26.84,20.0,13.97,35.0,28.07,75.0,1011.91,5.79,18.4567,78.8901
NODE_004,2026-06-02T20:30:00,0.0,1.47,26.76,20.0,13.96,35.0,28.7,75.0,1013.27,5.58,18.4567,78.8901
NODE_004,2026-06-02T20:45:00,0.0,1.48,26.59,20.0,13.95,35.0,28.29,75.0,1012.64,5.79,18.4567,78.8901
NODE_004,2026-06-02T21:00:00,0.0,1.47,26.34,20.0,13.94,35.0,26.92,78.88,1012.92,6.41,18.4567,78.8901
NODE_004,2026-06-02T21:15:00,0.0,1.47,27.14,20.0,13.93,35.0,26.42,78.88,1011.7,6.62,18.4567,78.8901
NODE_004,2026-06-02T21:30:00,0.0,1.48,27.11,20.0,13.92,35.0,27.0,78.88,1011.42,8.07,18.4567,78.8901
NODE_004,2026-06-02T21:45:00,0.0,1.47,25.77,20.0,13.91,35.0,27.52,78.88,1012.12,5.23,18.4567,78.8901
NODE_004,2026-06-02T22:00:00,0.0,1.47,26.42,20.0,13.9,35.0,25.89,82.5,1012.01,8.11,18.4567,78.8901
NODE_004,2026-06-02T22:15:00,0.0,1.48,27.06,20.0,13.89,35.0,24.82,82.5,1011.54,6.43,18.4567,78.8901
NODE_004,2026-06-02T22:30:00,0.0,1.49,27.53,20.0,13.88,35.0,24.77,82.5,1012.06,6.12,18.4567,78.8901
NODE_004,2026-06-02T22:45:00,0.0,1.49,27.59,20.0,13.87,35.0,25.21,82.5,1011.37,5.68,18.4567,78.8901
NODE_004,2026-06-02T23:00:00,0.0,1.5,27.68,20.0,13.86,35.0,24.87,85.61,1012.41,5.46,18.4567,78.8901
NODE_004,2026-06-02T23:15:00,0.0,1.51,27.81,20.0,13.85,35.0,24.8,85.61,1011.98,5.36,18.4567,78.8901
NODE_004,2026-06-02T23:30:00,0.0,1.51,27.82,20.0,13.84,35.0,24.63,85.61,1012.16,6.26,18.4567,78.8901
NODE_004,2026-06-02T23:45:00,0.0,1.5,28.8,20.0,13.83,35.0,25.14,85.61,1010.82,5.89,18.4567,78.8901
NODE_004,2026-06-03T00:00:00,0.0,1.49,27.5,20.0,13.82,35.0,24.73,87.99,1011.34,5.22,18.4567,78.8901
NODE_004,2026-06-03T00:15:00,0.0,1.5,27.64,20.0,13.81,35.0,23.64,87.99,1012.05,5.34,18.4567,78.8901
NODE_004,2026-06-03T00:30:00,0.0,1.5,27.65,20.0,13.8,35.0,23.07,87.99,1012.22,5.5,18.4567,78.8901
NODE_004,2026-06-03T00:45:00,0.0,1.5,26.61,20.0,13.79,35.0,24.09,87.99,1011.55,5.87,18.4567,78.8901
NODE_004,2026-06-03T01:00:00,0.0,1.5,27.67,20.0,13.78,35.0,23.58,89.49,1011.54,5.11,18.4567,78.8901
NODE_004,2026-06-03T01:15:00,0.0,1.49,26.97,20.0,13.77,35.0,23.16,89.49,1012.26,6.95,18.4567,78.8901
NODE_004,2026-06-03T01:30:00,0.0,1.49,26.84,20.0,13.76,35.0,22.56,89.49,1011.9,11.03,18.4567,78.8901
NODE_004,2026-06-03T01:45:00,0.0,1.49,26.81,20.0,13.75,35.0,23.5,89.49,1013.1,6.63,18.4567,78.8901
NODE_004,2026-06-03T02:00:00,0.0,1.48,26.72,20.0,13.74,35.0,23.13,90.0,1011.93,7.15,18.4567,78.8901
NODE_004,2026-06-03T02:15:00,0.0,1.49,27.47,20.0,13.73,35.0,22.45,90.0,1012.37,6.07,18.4567,78.8901
NODE_004,2026-06-03T02:30:00,0.0,1.49,26.72,20.0,13.72,35.0,22.19,90.0,1011.33,5.91,18.4567,78.8901
NODE_004,2026-06-03T02:45:00,0.0,1.47,27.44,20.0,13.71,35.0,23.49,90.0,1011.81,7.12,18.4567,78.8901
NODE_004,2026-06-03T03:00:00,0.0,1.47,26.3,20.0,13.7,35.0,23.5,89.49,1011.66,6.0,18.4567,78.8901
NODE_004,2026-06-03T03:15:00,0.0,1.44,26.54,20.0,13.69,35.0,23.41,89.49,1011.71,5.39,18.4567,78.8901
NODE_004,2026-06-03T03:30:00,0.0,1.44,25.74,20.0,13.68,35.0,23.67,89.49,1012.11,8.03,18.4567,78.8901
NODE_004,2026-06-03T03:45:00,0.0,1.43,25.71,20.0,13.67,35.0,24.13,89.49,1011.34,6.22,18.4567,78.8901
NODE_004,2026-06-03T04:00:00,0.0,1.45,25.42,20.0,13.66,35.0,23.13,87.99,1012.25,7.08,18.4567,78.8901
NODE_004,2026-06-03T04:15:00,0.0,1.45,25.82,20.0,13.65,35.0,23.61,87.99,1011.72,6.83,18.4567,78.8901
NODE_004,2026-06-03T04:30:00,0.0,1.48,26.68,20.0,13.64,35.0,24.27,87.99,1012.89,5.65,18.4567,78.8901
NODE_004,2026-06-03T04:45:00,0.0,1.47,26.41,20.0,13.63,35.0,24.62,87.99,1011.87,5.85,18.4567,78.8901
NODE_004,2026-06-03T05:00:00,0.0,1.47,27.03,20.0,13.62,35.0,24.85,85.61,1012.33,5.34,18.4567,78.8901
NODE_004,2026-06-03T05:15:00,0.0,1.48,26.78,20.0,13.61,35.0,24.58,85.61,1012.24,6.92,18.4567,78.8901
NODE_004,2026-06-03T05:30:00,0.0,1.48,26.44,20.0,13.6,35.0,24.98,85.61,1011.74,5.21,18.4567,78.8901
NODE_004,2026-06-03T05:45:00,0.0,1.48,26.5,20.0,13.59,35.0,23.59,85.61,1011.47,7.16,18.4567,78.8901
NODE_004,2026-06-03T06:00:00,0.0,1.48,27.71,20.0,13.58,35.0,25.37,82.5,1011.75,5.7,18.4567,78.8901
NODE_004,2026-06-03T06:15:00,0.0,1.49,27.6,20.0,13.57,35.0,26.13,82.5,1012.35,5.19,18.4567,78.8901
NODE_004,2026-06-03T06:30:00,0.0,1.48,26.4,20.0,13.56,35.0,25.97,82.5,1012.09,6.81,18.4567,78.8901
NODE_004,2026-06-03T06:45:00,0.0,1.49,26.83,20.0,13.55,35.0,25.16,82.5,1012.0,9.64,18.4567,78.8901
NODE_004,2026-06-03T07:00:00,0.0,1.49,27.81,20.0,13.54,35.0,26.48,78.88,1012.0,8.88,18.4567,78.8901
NODE_004,2026-06-03T07:15:00,0.0,1.49,26.39,20.0,13.53,35.0,26.49,78.88,1011.84,5.68,18.4567,78.8901
NODE_004,2026-06-03T07:30:00,0.0,1.49,28.2,20.0,13.52,35.0,26.74,78.88,1012.24,8.31,18.4567,78.8901
NODE_004,2026-06-03T07:45:00,0.0,1.48,26.72,20.0,13.51,35.0,26.66,78.88,1012.58,8.04,18.4567,78.8901
NODE_004,2026-06-03T08:00:00,0.0,1.46,26.21,20.0,13.5,35.0,28.13,75.0,1012.54,8.3,18.4567,78.8901
NODE_004,2026-06-03T08:15:00,0.0,1.47,27.0,20.0,13.49,35.0,28.62,75.0,1012.26,5.49,18.4567,78.8901
NODE_004,2026-06-03T08:30:00,0.0,1.47,26.92,20.0,13.48,35.0,28.12,75.0,1011.85,6.4,18.4567,78.8901
NODE_004,2026-06-03T08:45:00,0.0,1.47,27.6,20.0,13.47,35.0,28.01,75.0,1011.51,5.13,18.4567,78.8901
NODE_004,2026-06-03T09:00:00,0.0,1.46,26.61,20.0,13.46,35.0,29.0,71.12,1011.91,6.46,18.4567,78.8901
NODE_004,2026-06-03T09:15:00,0.0,1.45,26.08,20.0,13.45,35.0,29.16,71.12,1012.28,5.9,18.4567,78.8901
NODE_004,2026-06-03T09:30:00,0.0,1.47,25.67,20.0,13.44,35.0,29.2,71.12,1012.31,5.13,18.4567,78.8901
NODE_004,2026-06-03T09:45:00,0.0,1.47,26.48,20.0,13.43,35.0,30.26,71.12,1012.07,5.09,18.4567,78.8901
NODE_004,2026-06-03T10:00:00,0.0,1.47,26.27,20.0,13.42,35.0,31.14,67.5,1011.21,5.25,18.4567,78.8901
NODE_004,2026-06-03T10:15:00,0.0,1.48,27.81,20.0,13.41,35.0,31.79,67.5,1012.21,7.34,18.4567,78.8901
NODE_004,2026-06-03T10:30:00,0.0,1.48,27.16,20.0,13.4,35.0,30.13,67.5,1010.75,5.8,18.4567,78.8901
NODE_004,2026-06-03T10:45:00,0.0,1.5,27.57,20.0,13.39,35.0,30.61,67.5,1011.92,7.94,18.4567,78.8901
NODE_004,2026-06-03T11:00:00,0.0,1.49,27.72,20.0,13.38,35.0,32.01,64.39,1011.51,6.36,18.4567,78.8901
NODE_004,2026-06-03T11:15:00,0.0,1.48,26.72,20.0,13.37,35.0,31.39,64.39,1012.6,6.29,18.4567,78.8901
NODE_004,2026-06-03T11:30:00,0.0,1.5,28.03,20.0,13.36,35.0,31.36,64.39,1012.73,5.32,18.4567,78.8901
NODE_004,2026-06-03T11:45:00,0.0,1.49,27.41,20.0,13.35,35.0,30.98,64.39,1011.42,5.62,18.4567,78.8901
NODE_004,2026-06-03T12:00:00,0.0,1.51,27.43,20.0,13.34,35.0,31.97,62.01,1012.35,5.13,18.4567,78.8901
NODE_004,2026-06-03T12:15:00,0.0,1.49,28.7,20.0,13.33,35.0,32.9,62.01,1012.09,5.57,18.4567,78.8901
NODE_004,2026-06-03T12:30:00,0.0,1.49,26.77,20.0,13.32,35.0,32.73,62.01,1011.85,5.27,18.4567,78.8901
NODE_004,2026-06-03T12:45:00,0.0,1.5,28.11,20.0,13.31,35.0,31.79,62.01,1012.28,5.74,18.4567,78.8901
NODE_004,2026-06-03T13:00:00,0.0,1.53,27.69,20.0,13.3,35.0,33.18,60.51,1011.96,7.0,18.4567,78.8901
NODE_004,2026-06-03T13:15:00,0.0,1.51,27.45,20.0,13.29,35.0,33.23,60.51,1012.83,8.16,18.4567,78.8901
NODE_004,2026-06-03T13:30:00,0.0,1.51,28.5,20.0,13.28,35.0,33.4,60.51,1012.64,6.43,18.4567,78.8901
NODE_004,2026-06-03T13:45:00,0.0,1.5,28.0,20.0,13.27,35.0,32.66,60.51,1012.45,8.92,18.4567,78.8901
NODE_004,2026-06-03T14:00:00,0.0,1.48,27.46,20.0,13.26,35.0,33.64,60.0,1013.24,5.22,18.4567,78.8901
NODE_004,2026-06-03T14:15:00,0.0,1.49,25.99,20.0,13.25,35.0,33.44,60.0,1012.16,6.69,18.4567,78.8901
NODE_004,2026-06-03T14:30:00,0.0,1.49,27.36,20.0,13.24,35.0,33.11,60.0,1012.04,5.44,18.4567,78.8901
NODE_004,2026-06-03T14:45:00,0.0,1.46,25.8,20.0,13.23,35.0,33.27,60.0,1011.94,6.82,18.4567,78.8901
NODE_004,2026-06-03T15:00:00,0.0,1.48,26.57,20.0,13.22,35.0,32.26,60.51,1012.11,5.95,18.4567,78.8901
NODE_004,2026-06-03T15:15:00,0.0,1.48,27.72,20.0,13.21,35.0,32.11,60.51,1012.32,8.87,18.4567,78.8901
NODE_004,2026-06-03T15:30:00,0.0,1.5,26.99,20.0,13.2,35.0,33.07,60.51,1012.11,6.87,18.4567,78.8901
NODE_004,2026-06-03T15:45:00,0.0,1.5,27.09,20.0,13.19,35.0,32.77,60.51,1011.77,5.78,18.4567,78.8901
NODE_004,2026-06-03T16:00:00,0.0,1.5,27.29,20.0,13.18,35.0,32.87,62.01,1011.16,9.15,18.4567,78.8901
NODE_004,2026-06-03T16:15:00,0.0,1.51,26.66,20.0,13.17,35.0,32.18,62.01,1012.1,7.96,18.4567,78.8901
NODE_004,2026-06-03T16:30:00,0.0,1.5,27.5,20.0,13.16,35.0,31.47,62.01,1012.12,8.64,18.4567,78.8901
NODE_004,2026-06-03T16:45:00,0.0,1.49,27.15,20.0,13.15,35.0,32.48,62.01,1011.06,5.79,18.4567,78.8901
NODE_004,2026-06-03T17:00:00,0.0,1.49,27.88,20.0,13.14,35.0,31.0,64.39,1011.23,6.44,18.4567,78.8901
NODE_004,2026-06-03T17:15:00,0.0,1.49,27.32,20.0,13.13,35.0,31.6,64.39,1012.44,5.9,18.4567,78.8901
NODE_004,2026-06-03T17:30:00,0.0,1.5,27.79,20.0,13.12,35.0,31.36,64.39,1010.98,5.57,18.4567,78.8901
NODE_004,2026-06-03T17:45:00,0.0,1.51,27.53,20.0,13.11,35.0,31.85,64.39,1011.81,7.18,18.4567,78.8901
NODE_004,2026-06-03T18:00:00,0.0,1.52,27.56,20.0,13.1,35.0,30.58,67.5,1011.89,6.14,18.4567,78.8901
NODE_004,2026-06-03T18:15:00,0.0,1.54,27.88,20.0,13.09,35.0,29.91,67.5,1012.29,5.05,18.4567,78.8901
NODE_004,2026-06-03T18:30:00,0.0,1.53,28.81,20.0,13.08,35.0,31.31,67.5,1012.09,5.87,18.4567,78.8901
NODE_004,2026-06-03T18:45:00,0.0,1.54,28.95,20.0,13.07,35.0,31.22,67.5,1011.31,5.03,18.4567,78.8901
NODE_004,2026-06-03T19:00:00,0.0,1.53,28.92,20.0,13.06,35.0,28.74,71.12,1010.92,7.86,18.4567,78.8901
NODE_004,2026-06-03T19:15:00,0.0,1.52,27.82,20.0,13.05,35.0,29.89,71.12,1011.42,6.24,18.4567,78.8901
NODE_004,2026-06-03T19:30:00,0.0,1.53,28.09,20.0,13.04,35.0,29.44,71.12,1012.32,11.4,18.4567,78.8901
NODE_004,2026-06-03T19:45:00,0.0,1.51,28.59,20.0,13.03,35.0,28.24,71.12,1011.79,7.98,18.4567,78.8901
NODE_004,2026-06-03T20:00:00,0.0,1.52,28.89,20.0,13.02,35.0,28.6,75.0,1011.85,5.56,18.4567,78.8901
NODE_004,2026-06-03T20:15:00,0.0,1.52,28.62,20.0,13.01,35.0,27.59,75.0,1011.42,7.7,18.4567,78.8901
NODE_004,2026-06-03T20:30:00,0.0,1.51,27.74,20.0,13.0,35.0,27.64,75.0,1012.03,5.35,18.4567,78.8901
NODE_004,2026-06-03T20:45:00,0.0,1.51,27.93,20.0,12.99,35.0,28.24,75.0,1012.38,9.31,18.4567,78.8901
NODE_004,2026-06-03T21:00:00,0.0,1.51,27.8,20.0,12.98,35.0,27.77,78.88,1012.58,10.66,18.4567,78.8901
NODE_004,2026-06-03T21:15:00,0.0,1.52,28.72,20.0,12.97,35.0,26.95,78.88,1012.13,7.38,18.4567,78.8901
NODE_004,2026-06-03T21:30:00,0.0,1.51,28.1,20.0,12.96,35.0,26.09,78.88,1012.47,6.53,18.4567,78.8901
NODE_004,2026-06-03T21:45:00,0.0,1.52,27.89,20.0,12.95,35.0,26.96,78.88,1011.38,5.21,18.4567,78.8901
NODE_004,2026-06-03T22:00:00,0.0,1.51,27.28,20.0,12.94,35.0,25.43,82.5,1010.97,9.25,18.4567,78.8901
NODE_004,2026-06-03T22:15:00,0.0,1.51,27.99,20.0,12.93,35.0,26.21,82.5,1012.3,8.48,18.4567,78.8901
NODE_004,2026-06-03T22:30:00,0.0,1.51,27.89,20.0,12.92,35.0,24.99,82.5,1011.84,6.86,18.4567,78.8901
NODE_004,2026-06-03T22:45:00,0.0,1.5,28.5,20.0,12.91,35.0,25.25,82.5,1012.33,5.85,18.4567,78.8901
NODE_004,2026-06-03T23:00:00,0.0,1.5,27.7,20.0,12.9,35.0,24.1,85.61,1011.95,5.77,18.4567,78.8901
NODE_004,2026-06-03T23:15:00,0.0,1.52,27.91,20.0,12.89,35.0,23.66,85.61,1011.09,6.82,18.4567,78.8901
NODE_004,2026-06-03T23:30:00,0.0,1.52,27.36,20.0,12.88,35.0,24.02,85.61,1012.12,6.48,18.4567,78.8901
NODE_004,2026-06-03T23:45:00,0.0,1.51,27.36,20.0,12.87,35.0,24.99,85.61,1012.04,5.93,18.4567,78.8901
NODE_004,2026-06-04T00:00:00,0.0,1.51,27.58,20.0,12.86,35.0,23.63,87.99,1012.04,5.83,18.4567,78.8901
NODE_004,2026-06-04T00:15:00,0.0,1.51,28.51,20.0,12.85,35.0,22.59,87.99,1011.81,5.67,18.4567,78.8901
NODE_004,2026-06-04T00:30:00,0.0,1.52,27.96,20.0,12.84,35.0,23.95,87.99,1012.15,8.48,18.4567,78.8901
NODE_004,2026-06-04T00:45:00,0.0,1.51,27.25,20.0,12.83,35.0,23.64,87.99,1011.87,8.39,18.4567,78.8901
NODE_004,2026-06-04T01:00:00,0.0,1.51,28.02,20.0,12.82,35.0,23.61,89.49,1011.23,5.87,18.4567,78.8901
NODE_004,2026-06-04T01:15:00,0.0,1.5,27.41,20.0,12.81,35.0,22.64,89.49,1012.31,9.05,18.4567,78.8901
NODE_004,2026-06-04T01:30:00,0.0,1.5,27.12,20.0,12.8,35.0,23.24,89.49,1011.57,5.18,18.4567,78.8901
NODE_004,2026-06-04T01:45:00,0.0,1.49,27.69,20.0,12.79,35.0,23.54,89.49,1011.23,7.55,18.4567,78.8901
NODE_004,2026-06-04T02:00:00,0.0,1.47,27.14,20.0,12.78,35.0,22.63,90.0,1011.02,6.84,18.4567,78.8901
NODE_004,2026-06-04T02:15:00,0.0,1.47,26.59,20.0,12.77,35.0,23.84,90.0,1012.2,5.06,18.4567,78.8901
NODE_004,2026-06-04T02:30:00,0.0,1.46,26.18,20.0,12.76,35.0,23.19,90.0,1011.58,5.36,18.4567,78.8901
NODE_004,2026-06-04T02:45:00,0.0,1.46,26.1,20.0,12.75,35.0,22.5,90.0,1012.06,5.04,18.4567,78.8901
NODE_004,2026-06-04T03:00:00,0.0,1.46,27.31,20.0,12.74,35.0,21.6,89.49,1012.4,9.54,18.4567,78.8901
NODE_004,2026-06-04T03:15:00,0.0,1.44,25.99,20.0,12.73,35.0,23.41,89.49,1011.92,6.39,18.4567,78.8901
NODE_004,2026-06-04T03:30:00,0.0,1.44,25.83,20.0,12.72,35.0,22.88,89.49,1011.07,5.18,18.4567,78.8901
NODE_004,2026-06-04T03:45:00,0.0,1.42,25.55,20.0,12.71,35.0,23.34,89.49,1012.28,5.27,18.4567,78.8901
NODE_004,2026-06-04T04:00:00,0.0,1.41,24.74,20.0,12.7,35.0,23.81,87.99,1011.87,5.78,18.4567,78.8901
NODE_004,2026-06-04T04:15:00,0.0,1.41,24.73,20.0,12.69,35.0,24.15,87.99,1011.85,5.68,18.4567,78.8901
NODE_004,2026-06-04T04:30:00,0.0,1.42,24.35,20.0,12.68,35.0,23.52,87.99,1012.51,5.01,18.4567,78.8901
NODE_004,2026-06-04T04:45:00,0.0,1.42,25.32,20.0,12.67,35.0,23.49,87.99,1012.15,5.18,18.4567,78.8901
NODE_004,2026-06-04T05:00:00,0.0,1.42,25.71,20.0,12.66,35.0,25.18,85.61,1012.24,5.84,18.4567,78.8901
NODE_004,2026-06-04T05:15:00,0.0,1.43,24.99,20.0,12.65,35.0,24.87,85.61,1011.54,5.82,18.4567,78.8901
NODE_004,2026-06-04T05:30:00,0.0,1.42,26.11,20.0,12.64,35.0,24.87,85.61,1011.94,5.9,18.4567,78.8901
NODE_004,2026-06-04T05:45:00,0.0,1.43,26.2,20.0,12.63,35.0,24.13,85.61,1011.69,5.83,18.4567,78.8901
NODE_004,2026-06-04T06:00:00,0.0,1.43,25.56,20.0,12.62,35.0,24.94,82.5,1012.49,5.99,18.4567,78.8901
NODE_004,2026-06-04T06:15:00,0.0,1.44,25.4,20.0,12.61,35.0,26.08,82.5,1012.79,7.33,18.4567,78.8901
NODE_004,2026-06-04T06:30:00,0.0,1.44,25.2,20.0,12.6,35.0,24.94,82.5,1012.59,6.18,18.4567,78.8901
NODE_004,2026-06-04T06:45:00,0.0,1.43,25.61,20.0,12.59,35.0,25.4,82.5,1012.49,7.74,18.4567,78.8901
NODE_004,2026-06-04T07:00:00,0.0,1.43,24.9,20.0,12.58,35.0,26.81,78.88,1013.34,5.76,18.4567,78.8901
NODE_004,2026-06-04T07:15:00,0.0,1.44,25.5,20.0,12.57,35.0,25.86,78.88,1011.63,8.9,18.4567,78.8901
NODE_004,2026-06-04T07:30:00,0.0,1.44,26.21,20.0,12.56,35.0,27.64,78.88,1012.14,5.45,18.4567,78.8901
NODE_004,2026-06-04T07:45:00,0.0,1.43,25.42,20.0,12.55,35.0,26.49,78.88,1012.54,5.16,18.4567,78.8901
NODE_004,2026-06-04T08:00:00,0.0,1.43,26.19,20.0,12.54,35.0,28.09,75.0,1012.02,5.94,18.4567,78.8901
NODE_004,2026-06-04T08:15:00,0.0,1.43,25.83,20.0,12.53,35.0,28.39,75.0,1012.0,8.31,18.4567,78.8901
NODE_004,2026-06-04T08:30:00,0.0,1.44,25.73,20.0,12.52,35.0,27.25,75.0,1012.12,5.88,18.4567,78.8901
NODE_004,2026-06-04T08:45:00,0.0,1.44,25.84,20.0,12.51,35.0,27.9,75.0,1012.45,5.03,18.4567,78.8901
NODE_004,2026-06-04T09:00:00,0.0,1.42,24.89,20.0,12.5,35.0,29.16,71.12,1012.03,5.77,18.4567,78.8901
NODE_004,2026-06-04T09:15:00,0.0,1.44,25.05,20.0,12.49,35.0,29.2,71.12,1011.94,6.48,18.4567,78.8901
NODE_004,2026-06-04T09:30:00,0.0,1.43,25.69,20.0,12.48,35.0,28.78,71.12,1012.33,7.92,18.4567,78.8901
NODE_004,2026-06-04T09:45:00,0.0,1.43,26.13,20.0,12.47,35.0,30.04,71.12,1012.36,5.57,18.4567,78.8901
NODE_004,2026-06-04T10:00:00,0.0,1.43,24.9,20.0,12.46,35.0,31.04,67.5,1010.96,6.29,18.4567,78.8901
NODE_004,2026-06-04T10:15:00,0.0,1.44,25.71,20.0,12.45,35.0,29.97,67.5,1011.16,7.15,18.4567,78.8901
NODE_004,2026-06-04T10:30:00,0.0,1.46,27.36,20.0,12.44,35.0,30.16,67.5,1011.17,7.32,18.4567,78.8901
NODE_004,2026-06-04T10:45:00,0.0,1.46,26.85,20.0,12.43,35.0,30.43,67.5,1011.71,5.47,18.4567,78.8901
NODE_004,2026-06-04T11:00:00,0.0,1.45,25.5,20.0,12.42,35.0,31.81,64.39,1010.98,7.75,18.4567,78.8901
NODE_004,2026-06-04T11:15:00,0.0,1.47,26.21,20.0,12.41,35.0,31.59,64.39,1011.75,7.89,18.4567,78.8901
NODE_004,2026-06-04T11:30:00,0.0,1.48,27.02,20.0,12.4,35.0,30.83,64.39,1012.73,5.23,18.4567,78.8901
NODE_004,2026-06-04T11:45:00,0.0,1.48,27.47,20.0,12.39,35.0,32.3,64.39,1012.21,5.18,18.4567,78.8901
NODE_004,2026-06-04T12:00:00,0.0,1.48,27.33,20.0,12.38,35.0,32.19,62.01,1011.52,7.86,18.4567,78.8901
NODE_004,2026-06-04T12:15:00,0.0,1.48,27.54,20.0,12.37,35.0,32.75,62.01,1012.26,5.19,18.4567,78.8901
NODE_004,2026-06-04T12:30:00,0.0,1.48,27.08,20.0,12.36,35.0,32.49,62.01,1010.64,9.35,18.4567,78.8901
NODE_004,2026-06-04T12:45:00,0.0,1.5,28.43,20.0,12.35,35.0,32.75,62.01,1012.3,6.71,18.4567,78.8901
NODE_004,2026-06-04T13:00:00,0.0,1.48,26.68,20.0,12.34,35.0,32.76,60.51,1012.06,7.83,18.4567,78.8901
NODE_004,2026-06-04T13:15:00,0.0,1.48,26.86,20.0,12.33,35.0,33.49,60.51,1011.85,5.46,18.4567,78.8901
NODE_004,2026-06-04T13:30:00,0.0,1.48,26.64,20.0,12.32,35.0,32.42,60.51,1012.47,5.88,18.4567,78.8901
NODE_004,2026-06-04T13:45:00,0.0,1.49,27.48,20.0,12.31,35.0,33.04,60.51,1011.51,8.74,18.4567,78.8901
NODE_004,2026-06-04T14:00:00,0.0,1.5,28.21,20.0,12.3,35.0,33.22,60.0,1011.86,6.88,18.4567,78.8901
NODE_004,2026-06-04T14:15:00,0.0,1.49,26.72,20.0,12.29,35.0,32.85,60.0,1013.0,8.45,18.4567,78.8901
NODE_004,2026-06-04T14:30:00,0.0,1.5,26.84,20.0,12.28,35.0,33.04,60.0,1012.72,5.21,18.4567,78.8901
NODE_004,2026-06-04T14:45:00,0.0,1.48,26.86,20.0,12.27,35.0,32.76,60.0,1012.6,7.33,18.4567,78.8901
NODE_004,2026-06-04T15:00:00,0.0,1.48,27.01,20.0,12.26,35.0,33.23,60.51,1011.89,5.41,18.4567,78.8901
NODE_004,2026-06-04T15:15:00,0.0,1.48,27.82,20.0,12.25,35.0,32.91,60.51,1011.44,5.48,18.4567,78.8901
NODE_004,2026-06-04T15:30:00,0.0,1.49,27.38,20.0,12.24,35.0,33.19,60.51,1011.93,8.62,18.4567,78.8901
NODE_004,2026-06-04T15:45:00,0.0,1.46,26.22,20.0,12.23,35.0,33.56,60.51,1011.24,6.47,18.4567,78.8901
NODE_004,2026-06-04T16:00:00,0.0,1.46,26.17,20.0,12.22,35.0,32.2,62.01,1012.64,6.95,18.4567,78.8901
NODE_004,2026-06-04T16:15:00,0.0,1.47,25.73,20.0,12.21,35.0,32.21,62.01,1011.98,7.53,18.4567,78.8901
NODE_004,2026-06-04T16:30:00,0.0,1.46,25.76,20.0,12.2,35.0,32.6,62.01,1012.06,15.03,18.4567,78.8901
NODE_004,2026-06-04T16:45:00,0.0,1.47,26.74,20.0,12.19,35.0,32.64,62.01,1012.33,5.66,18.4567,78.8901
NODE_004,2026-06-04T17:00:00,0.0,1.48,26.13,20.0,12.18,35.0,31.33,64.39,1011.73,8.54,18.4567,78.8901
NODE_004,2026-06-04T17:15:00,0.0,1.46,26.38,20.0,12.17,35.0,31.26,64.39,1011.77,5.41,18.4567,78.8901
NODE_004,2026-06-04T17:30:00,0.0,1.47,26.08,20.0,12.16,35.0,31.19,64.39,1011.97,6.96,18.4567,78.8901
NODE_004,2026-06-04T17:45:00,0.0,1.47,25.89,20.0,12.15,35.0,32.27,64.39,1012.19,8.95,18.4567,78.8901
NODE_004,2026-06-04T18:00:00,0.0,1.47,26.13,20.0,12.14,35.0,30.01,67.5,1011.99,5.64,18.4567,78.8901
NODE_004,2026-06-04T18:15:00,0.0,1.46,27.23,20.0,12.13,35.0,31.03,67.5,1012.15,5.19,18.4567,78.8901
NODE_004,2026-06-04T18:30:00,0.0,1.45,25.6,20.0,12.12,35.0,30.14,67.5,1011.92,6.78,18.4567,78.8901
NODE_004,2026-06-04T18:45:00,0.0,1.44,26.34,20.0,12.11,35.0,30.49,67.5,1012.56,6.27,18.4567,78.8901
NODE_004,2026-06-04T19:00:00,0.0,1.43,25.68,20.0,12.1,35.0,29.01,71.12,1012.18,5.16,18.4567,78.8901
NODE_004,2026-06-04T19:15:00,0.0,1.44,26.47,20.0,12.09,35.0,27.97,71.12,1011.35,6.85,18.4567,78.8901
NODE_004,2026-06-04T19:30:00,0.0,1.44,25.93,20.0,12.08,35.0,28.79,71.12,1011.41,5.86,18.4567,78.8901
NODE_004,2026-06-04T19:45:00,0.0,1.43,25.85,20.0,12.07,35.0,29.34,71.12,1011.5,7.93,18.4567,78.8901
NODE_004,2026-06-04T20:00:00,0.0,1.43,25.99,20.0,12.06,35.0,28.69,75.0,1012.02,7.74,18.4567,78.8901
NODE_004,2026-06-04T20:15:00,0.0,1.45,25.66,20.0,12.05,35.0,28.08,75.0,1011.52,5.43,18.4567,78.8901
NODE_004,2026-06-04T20:30:00,0.0,1.46,25.68,20.0,12.04,35.0,27.86,75.0,1011.79,5.38,18.4567,78.8901
NODE_004,2026-06-04T20:45:00,0.0,1.47,27.0,20.0,12.03,35.0,27.41,75.0,1012.51,6.24,18.4567,78.8901
NODE_004,2026-06-04T21:00:00,0.0,1.48,26.83,20.0,12.02,35.0,25.88,78.88,1012.93,6.54,18.4567,78.8901
NODE_004,2026-06-04T21:15:00,0.0,1.47,26.19,20.0,12.01,35.0,26.15,78.88,1011.96,5.75,18.4567,78.8901
NODE_004,2026-06-04T21:30:00,0.0,1.47,26.41,20.0,12.0,35.0,26.88,78.88,1011.71,5.08,18.4567,78.8901
NODE_004,2026-06-04T21:45:00,0.0,1.46,26.91,20.0,11.99,35.0,28.07,78.88,1012.3,5.38,18.4567,78.8901
NODE_004,2026-06-04T22:00:00,0.0,1.46,26.66,20.0,11.98,35.0,25.11,82.5,1012.96,7.34,18.4567,78.8901
NODE_004,2026-06-04T22:15:00,0.0,1.46,26.26,20.0,11.97,35.0,25.47,82.5,1011.71,7.42,18.4567,78.8901
NODE_004,2026-06-04T22:30:00,0.0,1.46,26.19,20.0,11.96,35.0,25.6,82.5,1011.56,7.26,18.4567,78.8901
NODE_004,2026-06-04T22:45:00,0.0,1.46,26.31,20.0,11.95,35.0,25.21,82.51,1012.48,10.45,18.4567,78.8901
NODE_004,2026-06-04T23:00:00,0.0,1.44,26.08,20.0,11.94,35.0,24.65,85.61,1012.77,5.19,18.4567,78.8901
NODE_004,2026-06-04T23:15:00,0.0,1.44,25.9,20.0,11.93,35.0,24.61,85.61,1012.09,5.03,18.4567,78.8901
NODE_004,2026-06-04T23:30:00,0.0,1.44,25.83,20.0,11.92,35.0,24.49,85.61,1011.91,6.49,18.4567,78.8901
NODE_004,2026-06-04T23:45:00,0.0,1.44,26.36,20.0,11.91,35.0,25.03,85.61,1012.21,9.15,18.4567,78.8901
NODE_004,2026-06-05T00:00:00,0.0,1.43,25.71,20.0,11.9,35.0,23.65,88.0,1012.58,5.37,18.4567,78.8901
NODE_004,2026-06-05T00:15:00,0.0,1.43,25.54,20.0,11.89,35.0,23.94,88.0,1011.1,5.77,18.4567,78.8901
NODE_004,2026-06-05T00:30:00,0.0,1.42,25.46,20.0,11.88,35.0,22.61,88.0,1011.99,5.53,18.4567,78.8901
NODE_004,2026-06-05T00:45:00,0.0,1.42,26.04,20.0,11.87,35.0,24.51,88.0,1011.65,7.12,18.4567,78.8901
NODE_004,2026-06-05T01:00:00,0.0,1.43,25.27,20.0,11.86,35.0,22.53,89.5,1012.21,8.79,18.4567,78.8901
NODE_004,2026-06-05T01:15:00,0.0,1.44,25.55,20.0,11.85,35.0,23.02,89.51,1011.89,10.84,18.4567,78.8901
NODE_004,2026-06-05T01:30:00,0.0,1.45,26.87,20.0,11.84,35.0,23.16,89.5,1011.79,5.42,18.4567,78.8901
NODE_004,2026-06-05T01:45:00,0.0,1.44,26.55,20.0,11.83,35.0,22.99,89.51,1011.43,5.32,18.4567,78.8901
NODE_004,2026-06-05T02:00:00,0.0,1.45,25.86,20.0,11.82,35.0,22.55,90.02,1011.97,5.22,18.4567,78.8901
NODE_004,2026-06-05T02:15:00,0.0,1.47,26.8,20.0,11.81,35.0,22.75,90.03,1012.48,5.49,18.4567,78.8901
NODE_004,2026-06-05T02:30:00,0.0,1.47,26.76,20.0,11.8,35.0,23.44,90.04,1012.23,7.83,18.4567,78.8901
NODE_004,2026-06-05T02:45:00,0.0,1.45,27.13,20.0,11.79,35.0,22.77,90.03,1012.4,5.35,18.4567,78.8901
NODE_004,2026-06-05T03:00:00,0.0,1.45,25.73,20.0,11.78,35.0,23.04,89.53,1011.75,7.11,18.4567,78.8901
NODE_004,2026-06-05T03:15:00,0.0,1.46,26.27,20.0,11.77,35.0,22.64,89.53,1012.16,7.98,18.4567,78.8901
NODE_004,2026-06-05T03:30:00,0.0,1.45,26.09,20.0,11.76,35.0,22.82,89.54,1011.75,5.03,18.4567,78.8901
NODE_004,2026-06-05T03:45:00,0.0,1.45,26.32,20.0,11.75,35.0,22.38,89.54,1012.28,5.32,18.4567,78.8901
NODE_004,2026-06-05T04:00:00,0.0,1.46,25.84,20.0,11.74,35.0,24.22,88.06,1011.3,5.16,18.4567,78.8901
NODE_004,2026-06-05T04:15:00,0.0,1.46,26.32,20.0,11.73,35.0,23.61,88.06,1012.33,8.09,18.4567,78.8901
NODE_004,2026-06-05T04:30:00,0.17,1.45,26.7,20.0,11.72,35.0,24.05,88.08,1011.78,7.87,18.4567,78.8901
NODE_004,2026-06-05T04:45:00,0.17,1.45,26.92,20.0,11.71,35.0,22.74,88.08,1011.91,5.14,18.4567,78.8901
NODE_004,2026-06-05T05:00:00,0.16,1.47,26.69,20.0,11.7,35.0,24.48,85.69,1010.96,5.67,18.4567,78.8901
NODE_004,2026-06-05T05:15:00,0.21,1.46,26.84,20.0,11.69,35.0,24.99,85.7,1012.03,5.39,18.4567,78.8901
NODE_004,2026-06-05T05:30:00,0.22,1.46,25.99,20.0,11.68,35.0,25.32,85.73,1011.74,5.22,18.4567,78.8901
NODE_004,2026-06-05T05:45:00,0.12,1.46,27.08,20.0,11.67,35.0,24.66,85.72,1012.51,7.18,18.4567,78.8901
NODE_004,2026-06-05T06:00:00,0.34,1.47,26.51,20.02,11.66,35.0,24.99,82.65,1011.81,6.33,18.4567,78.8901
NODE_004,2026-06-05T06:15:00,0.13,1.48,26.76,20.0,11.65,35.0,25.86,82.64,1011.71,5.88,18.4567,78.8901
NODE_004,2026-06-05T06:30:00,0.33,1.49,27.16,20.01,11.64,35.0,25.29,82.64,1011.93,7.24,18.4567,78.8901
NODE_004,2026-06-05T06:45:00,0.37,1.48,26.58,20.04,11.63,35.0,25.3,82.69,1012.87,6.3,18.4567,78.8901
NODE_004,2026-06-05T07:00:00,0.29,1.48,27.36,20.04,11.62,35.0,26.88,79.05,1012.41,5.4,18.4567,78.8901
NODE_004,2026-06-05T07:15:00,0.39,1.47,27.24,20.07,11.61,35.0,27.32,79.09,1011.54,7.93,18.4567,78.8901
NODE_004,2026-06-05T07:30:00,0.42,1.47,27.28,20.12,11.6,35.0,26.7,79.11,1011.84,7.05,18.4567,78.8901
NODE_004,2026-06-05T07:45:00,0.54,1.47,26.74,20.22,11.59,35.0,26.64,79.17,1011.45,6.06,18.4567,78.8901
NODE_004,2026-06-05T08:00:00,0.41,1.49,26.6,20.26,11.58,35.0,27.91,75.26,1011.99,11.91,18.4567,78.8901
NODE_004,2026-06-05T08:15:00,0.43,1.5,27.55,20.31,11.57,35.0,28.37,75.28,1012.43,6.55,18.4567,78.8901
NODE_004,2026-06-05T08:30:00,0.57,1.49,27.09,20.42,11.56,35.0,27.95,75.35,1011.11,6.76,18.4567,78.8901
NODE_004,2026-06-05T08:45:00,0.6,1.48,26.85,20.54,11.55,35.0,26.63,75.31,1012.26,5.69,18.4567,78.8901
NODE_004,2026-06-05T09:00:00,0.68,1.47,26.76,20.69,11.54,35.0,29.69,71.49,1012.82,5.59,18.4567,78.8901
NODE_004,2026-06-05T09:15:00,0.65,1.48,27.54,20.83,11.53,35.0,29.58,71.55,1011.03,8.4,18.4567,78.8901
NODE_004,2026-06-05T09:30:00,0.65,1.48,25.8,20.97,11.52,35.0,29.12,71.49,1012.98,5.37,18.4567,78.8901
NODE_004,2026-06-05T09:45:00,0.74,1.45,26.3,21.15,11.52,35.0,29.93,71.53,1012.22,6.65,18.4567,78.8901
NODE_004,2026-06-05T10:00:00,0.91,1.46,26.76,21.39,11.51,35.0,29.65,68.06,1012.03,6.19,18.4567,78.8901
NODE_004,2026-06-05T10:15:00,0.91,1.46,26.79,21.64,11.5,35.0,29.91,68.04,1011.45,7.44,18.4567,78.8901
NODE_004,2026-06-05T10:30:00,0.93,1.48,28.01,21.89,11.49,35.0,30.79,68.09,1010.94,6.38,18.4567,78.8901
NODE_004,2026-06-05T10:45:00,0.93,1.48,26.32,22.14,11.48,35.0,30.45,68.06,1011.35,5.41,18.4567,78.8901
NODE_004,2026-06-05T11:00:00,1.25,1.49,27.3,22.52,11.47,35.0,30.49,65.19,1011.37,5.56,18.4567,78.8901
NODE_004,2026-06-05T11:15:00,1.01,1.49,27.41,22.8,11.46,35.0,31.57,65.04,1011.5,10.54,18.4567,78.8901
NODE_004,2026-06-05T11:30:00,1.34,1.5,27.64,23.22,11.45,35.0,31.45,65.16,1011.38,10.67,18.4567,78.8901
NODE_004,2026-06-05T11:45:00,1.69,1.51,28.05,23.78,11.44,35.0,32.29,65.38,1010.51,6.76,18.4567,78.8901
NODE_004,2026-06-05T12:00:00,1.85,1.53,28.35,24.4,11.43,35.0,33.06,63.13,1011.0,5.76,18.4567,78.8901
NODE_004,2026-06-05T12:15:00,1.81,1.53,29.37,25.0,11.42,35.0,32.14,63.06,1010.8,6.3,18.4567,78.8901
NODE_004,2026-06-05T12:30:00,1.89,1.52,28.72,25.64,11.41,35.0,32.2,63.15,1010.02,12.5,18.4567,78.8901
NODE_004,2026-06-05T12:45:00,2.09,1.5,26.93,26.35,11.41,35.0,31.94,63.27,1010.93,5.69,18.4567,78.8901
NODE_004,2026-06-05T13:00:00,2.54,1.5,27.56,27.25,11.4,35.0,31.99,61.96,1010.93,9.1,18.4567,78.8901
NODE_004,2026-06-05T13:15:00,2.57,1.5,27.89,28.16,11.39,35.0,32.43,62.02,1010.11,7.28,18.4567,78.8901
NODE_004,2026-06-05T13:30:00,2.2,1.5,26.88,28.92,11.38,35.0,33.22,61.87,1011.83,7.43,18.4567,78.8901
NODE_004,2026-06-05T13:45:00,2.34,1.5,27.03,29.73,11.37,35.0,33.17,61.9,1011.04,10.97,18.4567,78.8901
NODE_004,2026-06-05T14:00:00,2.24,1.5,27.28,30.51,11.36,35.0,33.32,61.34,1011.43,5.89,18.4567,78.8901
NODE_004,2026-06-05T14:15:00,2.34,1.49,27.92,31.32,11.36,35.0,32.85,61.4,1011.79,5.99,18.4567,78.8901
NODE_004,2026-06-05T14:30:00,2.66,1.49,27.73,32.27,11.35,35.0,32.79,61.58,1011.98,8.35,18.4567,78.8901
NODE_004,2026-06-05T14:45:00,2.57,1.5,27.86,33.18,11.34,35.0,33.2,61.6,1011.15,6.21,18.4567,78.8901
NODE_004,2026-06-05T15:00:00,2.65,1.5,27.13,34.12,11.33,35.0,33.59,62.11,1010.83,6.47,18.4567,78.8901
NODE_004,2026-06-05T15:15:00,3.66,1.51,27.44,35.46,11.32,35.0,33.0,62.73,1009.85,8.94,18.4567,78.8901
NODE_004,2026-06-05T15:30:00,3.25,1.51,28.18,36.64,11.32,35.0,33.07,62.46,1010.58,8.12,18.4567,78.8901
NODE_004,2026-06-05T15:45:00,3.45,1.49,27.27,37.9,11.31,35.0,32.86,62.5,1010.69,7.07,18.4567,78.8901
NODE_004,2026-06-05T16:00:00,4.15,1.5,27.96,39.44,11.3,35.0,32.61,64.49,1010.32,6.77,18.4567,78.8901
NODE_004,2026-06-05T16:15:00,4.34,1.49,27.29,41.06,11.29,35.0,32.51,64.66,1010.83,6.67,18.4567,78.8901
NODE_004,2026-06-05T16:30:00,4.51,1.5,27.52,42.74,11.29,35.0,31.09,64.69,1010.6,6.9,18.4567,78.8901
NODE_004,2026-06-05T16:45:00,4.71,1.5,26.95,44.5,11.28,35.0,31.85,64.84,1010.2,7.36,18.4567,78.8901
NODE_004,2026-06-05T17:00:00,4.76,1.49,27.38,46.29,11.27,35.0,31.46,67.23,1010.74,7.86,18.4567,78.8901
NODE_004,2026-06-05T17:15:00,4.15,1.49,26.97,47.83,11.27,35.0,32.02,66.87,1010.34,6.92,18.4567,78.8901
NODE_004,2026-06-05T17:30:00,5.38,1.5,26.99,49.86,11.26,35.0,31.91,67.62,1009.96,7.12,18.4567,78.8901
NODE_004,2026-06-05T17:45:00,5.69,1.51,26.96,52.02,11.26,35.0,32.09,67.78,1009.45,7.05,18.4567,78.8901
NODE_004,2026-06-05T18:00:00,4.87,1.51,27.52,53.84,11.25,35.0,30.08,70.45,1009.76,8.73,18.4567,78.8901
NODE_004,2026-06-05T18:15:00,5.39,1.51,27.16,55.88,11.25,35.0,30.32,70.71,1010.64,8.42,18.4567,78.8901
NODE_004,2026-06-05T18:30:00,5.77,1.52,28.22,58.07,11.25,35.0,29.92,70.98,1009.38,7.56,18.4567,78.8901
NODE_004,2026-06-05T18:45:00,4.93,1.53,28.25,59.92,11.25,35.0,30.63,70.46,1010.07,6.94,18.4567,78.8901
NODE_004,2026-06-05T19:00:00,5.05,1.54,28.98,61.82,11.25,35.0,29.59,74.17,1010.25,6.98,18.4567,78.8901
NODE_004,2026-06-05T19:15:00,6.52,1.56,28.9,64.31,11.25,35.0,30.32,75.01,1009.6,7.1,18.4567,78.8901
NODE_004,2026-06-05T19:30:00,5.72,1.57,29.52,66.48,11.25,35.0,29.09,74.55,1010.12,13.67,18.4567,78.8901
NODE_004,2026-06-05T19:45:00,6.1,1.58,30.91,68.8,11.26,35.0,29.99,74.77,1009.55,8.34,18.4567,78.8901
NODE_004,2026-06-05T20:00:00,5.02,1.61,31.3,70.68,11.27,35.0,27.91,78.05,1009.98,6.63,18.4567,78.8901
NODE_004,2026-06-05T20:15:00,5.27,1.65,32.81,72.67,11.28,35.0,27.45,78.17,1009.46,7.99,18.4567,78.8901
NODE_004,2026-06-05T20:30:00,5.9,1.68,34.05,74.91,11.29,35.0,28.31,78.55,1009.58,7.26,18.4567,78.8901
NODE_004,2026-06-05T20:45:00,7.13,1.72,34.02,77.64,11.3,35.0,28.47,79.24,1009.15,7.48,18.4567,78.8901
NODE_004,2026-06-05T21:00:00,7.12,1.77,35.85,80.37,11.32,35.0,27.69,83.15,1009.32,8.8,18.4567,78.8901
NODE_004,2026-06-05T21:15:00,7.44,1.81,37.65,83.23,11.34,35.0,27.1,83.32,1008.92,9.63,18.4567,78.8901
NODE_004,2026-06-05T21:30:00,7.15,1.87,39.71,85.97,11.36,35.0,26.68,83.22,1009.13,7.51,18.4567,78.8901
NODE_004,2026-06-05T21:45:00,6.79,1.91,40.97,88.56,11.39,35.0,26.45,82.95,1009.37,9.76,18.4567,78.8901
NODE_004,2026-06-05T22:00:00,6.28,1.96,42.62,90.96,11.43,35.0,25.81,86.31,1009.64,8.56,18.4567,78.8901
NODE_004,2026-06-05T22:15:00,7.43,2.0,44.14,93.81,11.47,35.0,26.4,86.94,1008.18,8.34,18.4567,78.8901
NODE_004,2026-06-05T22:30:00,8.21,2.06,46.87,96.97,11.51,35.0,26.6,87.45,1008.18,11.03,18.4567,78.8901
NODE_004,2026-06-05T22:45:00,6.18,2.12,48.84,98.0,11.55,35.0,25.85,86.18,1010.23,9.91,18.4567,78.8901
NODE_004,2026-06-05T23:00:00,6.98,2.21,52.49,98.0,11.6,35.0,24.54,89.81,1009.61,9.25,18.4567,78.8901
NODE_004,2026-06-05T23:15:00,8.06,2.31,56.25,98.0,11.66,35.0,24.1,90.47,1009.11,10.09,18.4567,78.8901
NODE_004,2026-06-05T23:30:00,7.14,2.37,59.11,98.0,11.71,35.0,25.02,89.92,1009.5,14.53,18.4567,78.8901
NODE_004,2026-06-05T23:45:00,8.11,2.46,62.07,98.0,11.77,35.0,24.21,90.45,1008.68,7.88,18.4567,78.8901
NODE_005,2026-06-01T00:00:00,0.0,1.43,25.55,34.88,9.89,22.0,24.06,87.99,1011.56,5.01,18.5678,78.9012
NODE_005,2026-06-01T00:15:00,0.0,1.42,26.24,34.76,9.88,22.0,24.0,87.99,1011.25,6.66,18.5678,78.9012
NODE_005,2026-06-01T00:30:00,0.0,1.42,24.89,34.64,9.87,22.0,24.17,87.99,1011.77,7.13,18.5678,78.9012
NODE_005,2026-06-01T00:45:00,0.0,1.41,25.3,34.52,9.86,22.0,23.37,87.99,1012.06,5.62,18.5678,78.9012
NODE_005,2026-06-01T01:00:00,0.0,1.42,25.5,34.4,9.85,22.0,23.56,89.49,1012.42,5.42,18.5678,78.9012
NODE_005,2026-06-01T01:15:00,0.0,1.42,25.46,34.28,9.84,22.0,22.51,89.49,1011.77,6.1,18.5678,78.9012
NODE_005,2026-06-01T01:30:00,0.0,1.44,25.89,34.16,9.83,22.0,23.43,89.49,1011.53,5.84,18.5678,78.9012
NODE_005,2026-06-01T01:45:00,0.0,1.42,25.44,34.04,9.82,22.0,23.85,89.49,1012.03,6.92,18.5678,78.9012
NODE_005,2026-06-01T02:00:00,0.0,1.43,25.98,33.92,9.81,22.0,22.98,90.0,1011.43,5.45,18.5678,78.9012
NODE_005,2026-06-01T02:15:00,0.0,1.42,24.99,33.8,9.8,22.0,23.25,90.0,1011.73,5.92,18.5678,78.9012
NODE_005,2026-06-01T02:30:00,0.0,1.42,25.15,33.68,9.79,22.0,23.24,90.0,1011.51,6.2,18.5678,78.9012
NODE_005,2026-06-01T02:45:00,0.0,1.43,25.62,33.56,9.78,22.0,22.87,90.0,1012.06,6.23,18.5678,78.9012
NODE_005,2026-06-01T03:00:00,0.0,1.42,24.58,33.44,9.77,22.0,23.3,89.49,1012.62,5.55,18.5678,78.9012
NODE_005,2026-06-01T03:15:00,0.0,1.4,24.57,33.32,9.76,22.0,22.62,89.49,1012.22,5.45,18.5678,78.9012
NODE_005,2026-06-01T03:30:00,0.0,1.41,25.83,33.2,9.75,22.0,23.54,89.49,1012.08,7.07,18.5678,78.9012
NODE_005,2026-06-01T03:45:00,0.0,1.41,24.73,33.08,9.74,22.0,22.49,89.49,1011.97,8.38,18.5678,78.9012
NODE_005,2026-06-01T04:00:00,0.0,1.42,25.36,32.96,9.73,22.0,23.32,87.99,1012.27,5.7,18.5678,78.9012
NODE_005,2026-06-01T04:15:00,0.0,1.41,24.64,32.84,9.72,22.0,24.13,87.99,1011.84,5.36,18.5678,78.9012
NODE_005,2026-06-01T04:30:00,0.0,1.41,25.73,32.72,9.71,22.0,23.05,87.99,1012.93,6.43,18.5678,78.9012
NODE_005,2026-06-01T04:45:00,0.0,1.43,24.91,32.6,9.7,22.0,23.97,87.99,1012.09,5.53,18.5678,78.9012
NODE_005,2026-06-01T05:00:00,0.0,1.4,24.13,32.48,9.69,22.0,23.88,85.61,1012.2,5.71,18.5678,78.9012
NODE_005,2026-06-01T05:15:00,0.0,1.41,23.9,32.36,9.68,22.0,24.41,85.61,1012.8,6.71,18.5678,78.9012
NODE_005,2026-06-01T05:30:00,0.0,1.4,24.19,32.24,9.67,22.0,24.45,85.61,1012.17,5.67,18.5678,78.9012
NODE_005,2026-06-01T05:45:00,0.0,1.42,24.97,32.12,9.66,22.0,24.75,85.61,1011.95,7.6,18.5678,78.9012
NODE_005,2026-06-01T06:00:00,0.0,1.41,25.06,32.0,9.65,22.0,26.38,82.5,1011.02,5.09,18.5678,78.9012
NODE_005,2026-06-01T06:15:00,0.0,1.41,23.92,31.88,9.64,22.0,25.72,82.5,1012.22,5.41,18.5678,78.9012
NODE_005,2026-06-01T06:30:00,0.0,1.41,24.79,31.76,9.63,22.0,24.71,82.5,1012.36,6.35,18.5678,78.9012
NODE_005,2026-06-01T06:45:00,0.0,1.4,24.6,31.64,9.62,22.0,25.74,82.5,1010.64,5.24,18.5678,78.9012
NODE_005,2026-06-01T07:00:00,0.0,1.39,24.14,31.52,9.61,22.0,27.03,78.88,1012.08,5.33,18.5678,78.9012
NODE_005,2026-06-01T07:15:00,0.0,1.37,23.45,31.4,9.6,22.0,26.18,78.88,1011.76,5.7,18.5678,78.9012
NODE_005,2026-06-01T07:30:00,0.0,1.37,23.24,31.28,9.59,22.0,27.02,78.88,1012.12,5.77,18.5678,78.9012
NODE_005,2026-06-01T07:45:00,0.0,1.37,23.05,31.16,9.58,22.0,26.82,78.88,1012.56,5.91,18.5678,78.9012
NODE_005,2026-06-01T08:00:00,0.0,1.37,23.24,31.04,9.57,22.0,28.09,75.0,1011.96,8.23,18.5678,78.9012
NODE_005,2026-06-01T08:15:00,0.0,1.35,23.27,30.92,9.56,22.0,27.77,75.0,1011.3,8.14,18.5678,78.9012
NODE_005,2026-06-01T08:30:00,0.0,1.34,22.63,30.8,9.55,22.0,28.3,75.0,1011.71,6.47,18.5678,78.9012
NODE_005,2026-06-01T08:45:00,0.0,1.34,21.68,30.68,9.54,22.0,28.14,75.0,1011.95,6.1,18.5678,78.9012
NODE_005,2026-06-01T09:00:00,0.0,1.36,23.91,30.56,9.53,22.0,28.96,71.12,1012.58,5.3,18.5678,78.9012
NODE_005,2026-06-01T09:15:00,0.0,1.38,23.54,30.44,9.52,22.0,29.61,71.12,1012.18,5.7,18.5678,78.9012
NODE_005,2026-06-01T09:30:00,0.0,1.39,24.61,30.32,9.51,22.0,29.57,71.12,1012.99,5.34,18.5678,78.9012
NODE_005,2026-06-01T09:45:00,0.0,1.39,23.93,30.2,9.5,22.0,28.98,71.12,1013.46,5.18,18.5678,78.9012
NODE_005,2026-06-01T10:00:00,0.0,1.39,25.39,30.08,9.49,22.0,30.62,67.5,1011.95,7.3,18.5678,78.9012
NODE_005,2026-06-01T10:15:00,0.0,1.41,25.71,29.96,9.48,22.0,30.08,67.5,1011.87,6.02,18.5678,78.9012
NODE_005,2026-06-01T10:30:00,0.0,1.41,24.95,29.84,9.47,22.0,30.77,67.5,1012.3,8.31,18.5678,78.9012
NODE_005,2026-06-01T10:45:00,0.0,1.41,24.83,29.72,9.46,22.0,30.5,67.5,1012.6,5.74,18.5678,78.9012
NODE_005,2026-06-01T11:00:00,0.0,1.41,24.9,29.6,9.45,22.0,32.08,64.39,1012.01,5.36,18.5678,78.9012
NODE_005,2026-06-01T11:15:00,0.0,1.44,25.8,29.48,9.44,22.0,30.58,64.39,1011.52,5.87,18.5678,78.9012
NODE_005,2026-06-01T11:30:00,0.0,1.42,25.22,29.36,9.43,22.0,31.42,64.39,1012.7,7.55,18.5678,78.9012
NODE_005,2026-06-01T11:45:00,0.0,1.41,24.22,29.24,9.42,22.0,32.17,64.39,1012.46,6.22,18.5678,78.9012
NODE_005,2026-06-01T12:00:00,0.0,1.39,24.36,29.12,9.41,22.0,31.92,62.01,1012.45,5.56,18.5678,78.9012
NODE_005,2026-06-01T12:15:00,0.0,1.38,23.27,29.0,9.4,22.0,32.91,62.01,1011.91,6.44,18.5678,78.9012
NODE_005,2026-06-01T12:30:00,0.0,1.38,24.25,28.88,9.39,22.0,32.18,62.01,1012.38,14.48,18.5678,78.9012
NODE_005,2026-06-01T12:45:00,0.0,1.38,23.22,28.76,9.38,22.0,33.14,62.01,1011.74,6.47,18.5678,78.9012
NODE_005,2026-06-01T13:00:00,0.0,1.39,23.81,28.64,9.37,22.0,32.67,60.51,1012.08,5.05,18.5678,78.9012
NODE_005,2026-06-01T13:15:00,0.0,1.39,24.45,28.52,9.36,22.0,32.85,60.51,1011.32,5.15,18.5678,78.9012
NODE_005,2026-06-01T13:30:00,0.0,1.39,24.62,28.4,9.35,22.0,32.82,60.51,1011.9,5.04,18.5678,78.9012
NODE_005,2026-06-01T13:45:00,0.0,1.38,24.56,28.28,9.34,22.0,33.13,60.51,1011.92,6.77,18.5678,78.9012
NODE_005,2026-06-01T14:00:00,0.0,1.38,24.17,28.16,9.33,22.0,33.13,60.0,1011.36,6.52,18.5678,78.9012
NODE_005,2026-06-01T14:15:00,0.0,1.35,23.78,28.04,9.32,22.0,33.06,60.0,1012.2,7.82,18.5678,78.9012
NODE_005,2026-06-01T14:30:00,0.0,1.36,23.47,27.92,9.31,22.0,33.03,60.0,1012.18,8.02,18.5678,78.9012
NODE_005,2026-06-01T14:45:00,0.0,1.35,22.93,27.8,9.3,22.0,32.95,60.0,1012.0,5.06,18.5678,78.9012
NODE_005,2026-06-01T15:00:00,0.0,1.35,22.88,27.68,9.29,22.0,32.4,60.51,1011.47,5.67,18.5678,78.9012
NODE_005,2026-06-01T15:15:00,0.0,1.37,23.17,27.56,9.28,22.0,32.88,60.51,1011.86,6.16,18.5678,78.9012
NODE_005,2026-06-01T15:30:00,0.0,1.39,23.69,27.44,9.27,22.0,32.69,60.51,1012.62,6.54,18.5678,78.9012
NODE_005,2026-06-01T15:45:00,0.0,1.4,24.44,27.32,9.26,22.0,32.95,60.51,1011.36,10.97,18.5678,78.9012
NODE_005,2026-06-01T16:00:00,0.0,1.39,24.67,27.2,9.25,22.0,32.06,62.01,1012.05,6.33,18.5678,78.9012
NODE_005,2026-06-01T16:15:00,0.0,1.39,24.37,27.08,9.24,22.0,32.0,62.01,1012.46,5.32,18.5678,78.9012
NODE_005,2026-06-01T16:30:00,0.0,1.39,24.65,26.96,9.23,22.0,33.14,62.01,1012.74,6.23,18.5678,78.9012
NODE_005,2026-06-01T16:45:00,0.0,1.4,24.58,26.84,9.22,22.0,32.85,62.01,1011.86,5.3,18.5678,78.9012
NODE_005,2026-06-01T17:00:00,0.0,1.39,24.07,26.72,9.21,22.0,32.11,64.39,1012.23,6.59,18.5678,78.9012
NODE_005,2026-06-01T17:15:00,0.0,1.38,23.78,26.6,9.2,22.0,32.48,64.39,1011.92,5.39,18.5678,78.9012
NODE_005,2026-06-01T17:30:00,0.0,1.38,22.87,26.48,9.19,22.0,31.01,64.39,1011.77,5.17,18.5678,78.9012
NODE_005,2026-06-01T17:45:00,0.0,1.38,24.59,26.36,9.18,22.0,31.21,64.39,1011.52,5.34,18.5678,78.9012
NODE_005,2026-06-01T18:00:00,0.0,1.39,23.41,26.24,9.17,22.0,29.84,67.5,1012.78,8.6,18.5678,78.9012
NODE_005,2026-06-01T18:15:00,0.0,1.37,23.72,26.12,9.16,22.0,30.43,67.5,1011.57,6.31,18.5678,78.9012
NODE_005,2026-06-01T18:30:00,0.0,1.36,23.58,26.0,9.15,22.0,30.78,67.5,1012.03,5.35,18.5678,78.9012
NODE_005,2026-06-01T18:45:00,0.0,1.38,24.33,25.88,9.14,22.0,30.54,67.5,1011.63,5.17,18.5678,78.9012
NODE_005,2026-06-01T19:00:00,0.0,1.37,24.56,25.76,9.13,22.0,29.6,71.12,1011.46,5.3,18.5678,78.9012
NODE_005,2026-06-01T19:15:00,0.0,1.37,23.75,25.64,9.12,22.0,28.91,71.12,1011.89,5.18,18.5678,78.9012
NODE_005,2026-06-01T19:30:00,0.0,1.37,23.63,25.52,9.11,22.0,30.05,71.12,1012.39,7.15,18.5678,78.9012
NODE_005,2026-06-01T19:45:00,0.0,1.37,23.32,25.4,9.1,22.0,30.47,71.12,1012.47,6.18,18.5678,78.9012
NODE_005,2026-06-01T20:00:00,0.0,1.39,24.49,25.28,9.09,22.0,27.94,75.0,1011.72,5.31,18.5678,78.9012
NODE_005,2026-06-01T20:15:00,0.0,1.38,24.36,25.16,9.08,22.0,26.75,75.0,1012.61,5.73,18.5678,78.9012
NODE_005,2026-06-01T20:30:00,0.0,1.38,23.09,25.04,9.07,22.0,28.45,75.0,1012.4,5.82,18.5678,78.9012
NODE_005,2026-06-01T20:45:00,0.0,1.38,24.21,24.92,9.06,22.0,27.97,75.0,1011.96,6.05,18.5678,78.9012
NODE_005,2026-06-01T21:00:00,0.0,1.39,24.37,24.8,9.05,22.0,26.39,78.88,1011.9,6.26,18.5678,78.9012
NODE_005,2026-06-01T21:15:00,0.0,1.42,25.39,24.68,9.04,22.0,26.71,78.88,1012.09,5.64,18.5678,78.9012
NODE_005,2026-06-01T21:30:00,0.0,1.43,25.66,24.56,9.03,22.0,26.72,78.88,1012.66,8.72,18.5678,78.9012
NODE_005,2026-06-01T21:45:00,0.0,1.43,25.09,24.44,9.02,22.0,26.71,78.88,1011.99,6.69,18.5678,78.9012
NODE_005,2026-06-01T22:00:00,0.0,1.42,25.7,24.32,9.01,22.0,24.54,82.5,1011.81,6.64,18.5678,78.9012
NODE_005,2026-06-01T22:15:00,0.0,1.42,25.61,24.2,9.0,22.0,25.66,82.5,1011.98,7.3,18.5678,78.9012
NODE_005,2026-06-01T22:30:00,0.0,1.42,24.78,24.08,8.99,22.0,25.26,82.5,1011.28,6.89,18.5678,78.9012
NODE_005,2026-06-01T22:45:00,0.0,1.43,25.83,23.96,8.98,22.0,25.46,82.5,1011.71,7.64,18.5678,78.9012
NODE_005,2026-06-01T23:00:00,0.0,1.42,26.51,23.84,8.97,22.0,23.88,85.61,1012.63,5.28,18.5678,78.9012
NODE_005,2026-06-01T23:15:00,0.0,1.41,24.57,23.72,8.96,22.0,24.25,85.61,1012.84,5.62,18.5678,78.9012
NODE_005,2026-06-01T23:30:00,0.0,1.4,25.25,23.6,8.95,22.0,24.24,85.61,1011.87,5.64,18.5678,78.9012
NODE_005,2026-06-01T23:45:00,0.0,1.4,24.73,23.48,8.94,22.0,25.08,85.61,1012.47,6.31,18.5678,78.9012
NODE_005,2026-06-02T00:00:00,0.0,1.39,24.92,23.36,8.93,22.0,23.19,87.99,1011.74,6.38,18.5678,78.9012
NODE_005,2026-06-02T00:15:00,0.0,1.4,24.75,23.24,8.92,22.0,24.62,87.99,1012.2,5.82,18.5678,78.9012
NODE_005,2026-06-02T00:30:00,0.0,1.4,24.69,23.12,8.91,22.0,23.76,87.99,1011.69,5.4,18.5678,78.9012
NODE_005,2026-06-02T00:45:00,0.0,1.41,23.94,23.0,8.9,22.0,23.55,87.99,1012.48,5.52,18.5678,78.9012
NODE_005,2026-06-02T01:00:00,0.0,1.39,24.07,22.88,8.89,22.0,23.23,89.49,1011.5,5.0,18.5678,78.9012
NODE_005,2026-06-02T01:15:00,0.0,1.4,23.74,22.76,8.88,22.0,22.82,89.49,1011.87,6.09,18.5678,78.9012
NODE_005,2026-06-02T01:30:00,0.0,1.41,24.75,22.64,8.87,22.0,23.36,89.49,1012.55,6.51,18.5678,78.9012
NODE_005,2026-06-02T01:45:00,0.0,1.39,24.24,22.52,8.86,22.0,23.18,89.49,1012.38,5.55,18.5678,78.9012
NODE_005,2026-06-02T02:00:00,0.0,1.39,23.61,22.4,8.85,22.0,23.0,90.0,1013.14,5.16,18.5678,78.9012
NODE_005,2026-06-02T02:15:00,0.0,1.4,23.64,22.28,8.84,22.0,23.08,90.0,1012.48,6.72,18.5678,78.9012
NODE_005,2026-06-02T02:30:00,0.0,1.38,24.0,22.16,8.83,22.0,23.99,90.0,1011.67,5.08,18.5678,78.9012
NODE_005,2026-06-02T02:45:00,0.0,1.38,23.09,22.04,8.82,22.0,23.11,90.0,1011.96,5.3,18.5678,78.9012
NODE_005,2026-06-02T03:00:00,0.0,1.38,24.38,21.92,8.81,22.0,23.05,89.49,1012.53,7.04,18.5678,78.9012
NODE_005,2026-06-02T03:15:00,0.0,1.38,23.87,21.8,8.8,22.0,22.36,89.49,1011.39,7.68,18.5678,78.9012
NODE_005,2026-06-02T03:30:00,0.0,1.37,23.68,21.68,8.79,22.0,23.51,89.49,1012.92,5.86,18.5678,78.9012
NODE_005,2026-06-02T03:45:00,0.0,1.37,23.59,21.56,8.78,22.0,23.2,89.49,1010.59,8.47,18.5678,78.9012
NODE_005,2026-06-02T04:00:00,0.0,1.36,22.71,21.44,8.77,22.0,23.15,87.99,1011.57,5.72,18.5678,78.9012
NODE_005,2026-06-02T04:15:00,0.0,1.37,23.77,21.32,8.76,22.0,24.17,87.99,1011.24,5.27,18.5678,78.9012
NODE_005,2026-06-02T04:30:00,0.0,1.37,23.54,21.2,8.75,22.0,24.26,87.99,1011.96,5.43,18.5678,78.9012
NODE_005,2026-06-02T04:45:00,0.0,1.37,23.81,21.08,8.74,22.0,24.82,87.99,1011.28,8.44,18.5678,78.9012
NODE_005,2026-06-02T05:00:00,0.0,1.37,24.37,20.96,8.73,22.0,24.36,85.61,1012.06,5.26,18.5678,78.9012
NODE_005,2026-06-02T05:15:00,0.0,1.37,23.14,20.84,8.72,22.0,23.54,85.61,1011.74,6.4,18.5678,78.9012
NODE_005,2026-06-02T05:30:00,0.0,1.36,24.83,20.72,8.71,22.0,23.9,85.61,1011.64,8.3,18.5678,78.9012
NODE_005,2026-06-02T05:45:00,0.0,1.38,23.17,20.6,8.7,22.0,24.22,85.61,1010.89,5.46,18.5678,78.9012
NODE_005,2026-06-02T06:00:00,0.0,1.37,23.59,20.48,8.69,22.0,25.45,82.5,1012.07,7.75,18.5678,78.9012
NODE_005,2026-06-02T06:15:00,0.0,1.38,23.73,20.36,8.68,22.0,25.46,82.5,1012.42,5.12,18.5678,78.9012
NODE_005,2026-06-02T06:30:00,0.0,1.39,23.99,20.24,8.67,22.0,25.88,82.5,1012.2,7.39,18.5678,78.9012
NODE_005,2026-06-02T06:45:00,0.0,1.39,24.46,20.12,8.66,22.0,25.07,82.5,1011.41,5.17,18.5678,78.9012
NODE_005,2026-06-02T07:00:00,0.0,1.4,24.3,20.0,8.65,22.0,25.5,78.88,1012.23,9.83,18.5678,78.9012
NODE_005,2026-06-02T07:15:00,0.0,1.41,24.85,20.0,8.64,22.0,26.6,78.88,1012.56,5.71,18.5678,78.9012
NODE_005,2026-06-02T07:30:00,0.0,1.42,24.18,20.0,8.63,22.0,26.31,78.88,1012.37,8.29,18.5678,78.9012
NODE_005,2026-06-02T07:45:00,0.0,1.43,25.5,20.0,8.62,22.0,26.5,78.88,1012.22,7.3,18.5678,78.9012
NODE_005,2026-06-02T08:00:00,0.0,1.44,25.41,20.0,8.61,22.0,27.85,75.0,1011.39,7.68,18.5678,78.9012
NODE_005,2026-06-02T08:15:00,0.0,1.44,25.92,20.0,8.6,22.0,28.47,75.0,1012.91,6.13,18.5678,78.9012
NODE_005,2026-06-02T08:30:00,0.0,1.43,24.78,20.0,8.59,22.0,27.41,75.0,1011.9,6.36,18.5678,78.9012
NODE_005,2026-06-02T08:45:00,0.0,1.42,26.06,20.0,8.58,22.0,27.77,75.0,1011.99,5.14,18.5678,78.9012
NODE_005,2026-06-02T09:00:00,0.0,1.41,25.04,20.0,8.57,22.0,29.5,71.12,1012.38,5.01,18.5678,78.9012
NODE_005,2026-06-02T09:15:00,0.0,1.42,25.16,20.0,8.56,22.0,30.28,71.12,1012.17,5.41,18.5678,78.9012
NODE_005,2026-06-02T09:30:00,0.0,1.42,25.73,20.0,8.55,22.0,29.03,71.12,1011.63,5.88,18.5678,78.9012
NODE_005,2026-06-02T09:45:00,0.0,1.41,24.94,20.0,8.54,22.0,30.01,71.12,1011.56,5.38,18.5678,78.9012
NODE_005,2026-06-02T10:00:00,0.0,1.42,24.14,20.0,8.53,22.0,30.55,67.5,1012.38,7.39,18.5678,78.9012
NODE_005,2026-06-02T10:15:00,0.0,1.4,25.74,20.0,8.52,22.0,30.84,67.5,1012.0,7.06,18.5678,78.9012
NODE_005,2026-06-02T10:30:00,0.0,1.38,23.85,20.0,8.51,22.0,30.44,67.5,1012.11,5.47,18.5678,78.9012
NODE_005,2026-06-02T10:45:00,0.0,1.39,23.36,20.0,8.5,22.0,31.05,67.5,1012.09,7.67,18.5678,78.9012
NODE_005,2026-06-02T11:00:00,0.0,1.37,23.65,20.0,8.49,22.0,30.7,64.39,1011.25,5.54,18.5678,78.9012
NODE_005,2026-06-02T11:15:00,0.0,1.37,22.76,20.0,8.48,22.0,32.14,64.39,1011.75,7.7,18.5678,78.9012
NODE_005,2026-06-02T11:30:00,0.0,1.39,25.21,20.0,8.47,22.0,31.42,64.39,1012.16,6.7,18.5678,78.9012
NODE_005,2026-06-02T11:45:00,0.0,1.39,24.05,20.0,8.46,22.0,31.8,64.39,1010.96,7.5,18.5678,78.9012
NODE_005,2026-06-02T12:00:00,0.0,1.39,23.92,20.0,8.45,22.0,31.71,62.01,1011.8,7.13,18.5678,78.9012
NODE_005,2026-06-02T12:15:00,0.0,1.37,24.38,20.0,8.44,22.0,32.24,62.01,1011.72,6.38,18.5678,78.9012
NODE_005,2026-06-02T12:30:00,0.0,1.37,24.17,20.0,8.43,22.0,31.6,62.01,1011.81,5.91,18.5678,78.9012
NODE_005,2026-06-02T12:45:00,0.0,1.38,23.96,20.0,8.42,22.0,33.08,62.01,1012.1,5.57,18.5678,78.9012
NODE_005,2026-06-02T13:00:00,0.0,1.39,23.82,20.0,8.41,22.0,32.38,60.51,1012.23,5.21,18.5678,78.9012
NODE_005,2026-06-02T13:15:00,0.0,1.39,24.68,20.0,8.4,22.0,32.61,60.51,1011.26,8.8,18.5678,78.9012
NODE_005,2026-06-02T13:30:00,0.0,1.38,23.76,20.0,8.39,22.0,33.49,60.51,1010.94,5.42,18.5678,78.9012
NODE_005,2026-06-02T13:45:00,0.0,1.38,23.43,20.0,8.38,22.0,32.34,60.51,1010.38,5.03,18.5678,78.9012
NODE_005,2026-06-02T14:00:00,0.0,1.39,24.32,20.0,8.37,22.0,32.46,60.0,1012.36,5.82,18.5678,78.9012
NODE_005,2026-06-02T14:15:00,0.0,1.39,24.28,20.0,8.36,22.0,32.59,60.0,1011.8,6.01,18.5678,78.9012
NODE_005,2026-06-02T14:30:00,0.0,1.37,23.51,20.0,8.35,22.0,32.85,60.0,1011.98,5.05,18.5678,78.9012
NODE_005,2026-06-02T14:45:00,0.0,1.37,22.3,20.0,8.34,22.0,33.16,60.0,1012.55,5.91,18.5678,78.9012
NODE_005,2026-06-02T15:00:00,0.0,1.36,24.34,20.0,8.33,22.0,33.46,60.51,1012.63,7.83,18.5678,78.9012
NODE_005,2026-06-02T15:15:00,0.0,1.39,24.02,20.0,8.32,22.0,33.61,60.51,1012.47,6.08,18.5678,78.9012
NODE_005,2026-06-02T15:30:00,0.0,1.4,25.15,20.0,8.31,22.0,33.83,60.51,1012.4,6.42,18.5678,78.9012
NODE_005,2026-06-02T15:45:00,0.0,1.42,25.77,20.0,8.3,22.0,33.83,60.51,1012.11,5.9,18.5678,78.9012
NODE_005,2026-06-02T16:00:00,0.0,1.41,25.27,20.0,8.29,22.0,32.29,62.01,1012.12,5.75,18.5678,78.9012
NODE_005,2026-06-02T16:15:00,0.0,1.41,25.34,20.0,8.28,22.0,33.12,62.01,1012.46,5.96,18.5678,78.9012
NODE_005,2026-06-02T16:30:00,0.0,1.41,24.51,20.0,8.27,22.0,32.61,62.01,1011.85,7.97,18.5678,78.9012
NODE_005,2026-06-02T16:45:00,0.0,1.41,25.22,20.0,8.26,22.0,32.36,62.01,1012.22,5.7,18.5678,78.9012
NODE_005,2026-06-02T17:00:00,0.0,1.41,25.36,20.0,8.25,22.0,31.73,64.39,1011.92,7.84,18.5678,78.9012
NODE_005,2026-06-02T17:15:00,0.0,1.41,25.46,20.0,8.24,22.0,31.25,64.39,1012.26,6.28,18.5678,78.9012
NODE_005,2026-06-02T17:30:00,0.0,1.41,24.82,20.0,8.23,22.0,31.75,64.39,1011.46,5.13,18.5678,78.9012
NODE_005,2026-06-02T17:45:00,0.0,1.42,25.45,20.0,8.22,22.0,31.31,64.39,1011.83,9.38,18.5678,78.9012
NODE_005,2026-06-02T18:00:00,0.0,1.4,24.74,20.0,8.21,22.0,28.77,67.5,1011.96,5.17,18.5678,78.9012
NODE_005,2026-06-02T18:15:00,0.0,1.4,24.39,20.0,8.2,22.0,29.94,67.5,1011.86,7.31,18.5678,78.9012
NODE_005,2026-06-02T18:30:00,0.0,1.39,24.23,20.0,8.19,22.0,30.64,67.5,1011.29,7.32,18.5678,78.9012
NODE_005,2026-06-02T18:45:00,0.0,1.39,24.47,20.0,8.18,22.0,31.32,67.5,1011.88,5.38,18.5678,78.9012
NODE_005,2026-06-02T19:00:00,0.0,1.38,24.29,20.0,8.17,22.0,28.98,71.12,1011.44,5.57,18.5678,78.9012
NODE_005,2026-06-02T19:15:00,0.0,1.37,23.94,20.0,8.16,22.0,29.1,71.12,1011.9,6.6,18.5678,78.9012
NODE_005,2026-06-02T19:30:00,0.0,1.37,23.58,20.0,8.15,22.0,29.88,71.12,1012.45,5.36,18.5678,78.9012
NODE_005,2026-06-02T19:45:00,0.0,1.36,23.67,20.0,8.14,22.0,28.89,71.12,1011.62,5.32,18.5678,78.9012
NODE_005,2026-06-02T20:00:00,0.0,1.36,23.14,20.0,8.13,22.0,27.77,75.0,1012.23,5.94,18.5678,78.9012
NODE_005,2026-06-02T20:15:00,0.0,1.37,24.02,20.0,8.12,22.0,27.97,75.0,1012.74,5.14,18.5678,78.9012
NODE_005,2026-06-02T20:30:00,0.0,1.38,24.29,20.0,8.11,22.0,28.15,75.0,1011.34,7.52,18.5678,78.9012
NODE_005,2026-06-02T20:45:00,0.0,1.37,23.27,20.0,8.1,22.0,28.71,75.0,1011.03,7.35,18.5678,78.9012
NODE_005,2026-06-02T21:00:00,0.0,1.38,24.54,20.0,8.09,22.0,27.07,78.88,1011.52,5.13,18.5678,78.9012
NODE_005,2026-06-02T21:15:00,0.0,1.39,24.33,20.0,8.08,22.0,26.29,78.88,1011.58,6.49,18.5678,78.9012
NODE_005,2026-06-02T21:30:00,0.0,1.39,24.43,20.0,8.07,22.0,27.12,78.88,1012.08,7.48,18.5678,78.9012
NODE_005,2026-06-02T21:45:00,0.0,1.38,23.4,20.0,8.06,22.0,26.54,78.88,1012.13,5.76,18.5678,78.9012
NODE_005,2026-06-02T22:00:00,0.0,1.37,23.4,20.0,8.05,22.0,25.61,82.5,1011.87,5.01,18.5678,78.9012
NODE_005,2026-06-02T22:15:00,0.0,1.39,24.24,20.0,8.04,22.0,24.74,82.5,1012.27,5.45,18.5678,78.9012
NODE_005,2026-06-02T22:30:00,0.0,1.39,24.49,20.0,8.03,22.0,25.47,82.5,1011.96,5.43,18.5678,78.9012
NODE_005,2026-06-02T22:45:00,0.0,1.37,23.27,20.0,8.02,22.0,24.78,82.5,1012.28,6.01,18.5678,78.9012
NODE_005,2026-06-02T23:00:00,0.0,1.39,23.46,20.0,8.01,22.0,24.67,85.61,1011.6,12.42,18.5678,78.9012
NODE_005,2026-06-02T23:15:00,0.0,1.37,23.68,20.0,8.0,22.0,25.31,85.61,1011.87,5.21,18.5678,78.9012
NODE_005,2026-06-02T23:30:00,0.0,1.37,24.47,20.0,7.99,22.0,24.34,85.61,1011.41,5.21,18.5678,78.9012
NODE_005,2026-06-02T23:45:00,0.0,1.37,23.67,20.0,7.98,22.0,23.88,85.61,1012.05,5.23,18.5678,78.9012
NODE_005,2026-06-03T00:00:00,0.0,1.34,23.29,20.0,7.97,22.0,23.53,87.99,1011.74,8.05,18.5678,78.9012
NODE_005,2026-06-03T00:15:00,0.0,1.35,23.39,20.0,7.96,22.0,23.11,87.99,1011.48,5.55,18.5678,78.9012
NODE_005,2026-06-03T00:30:00,0.0,1.34,24.04,20.0,7.95,22.0,24.2,87.99,1012.3,5.45,18.5678,78.9012
NODE_005,2026-06-03T00:45:00,0.0,1.34,23.36,20.0,7.94,22.0,23.32,87.99,1012.51,6.55,18.5678,78.9012
NODE_005,2026-06-03T01:00:00,0.0,1.35,23.1,20.0,7.93,22.0,23.18,89.49,1011.62,5.64,18.5678,78.9012
NODE_005,2026-06-03T01:15:00,0.0,1.35,22.77,20.0,7.92,22.0,21.68,89.49,1011.37,6.59,18.5678,78.9012
NODE_005,2026-06-03T01:30:00,0.0,1.35,22.7,20.0,7.91,22.0,23.29,89.49,1012.29,5.02,18.5678,78.9012
NODE_005,2026-06-03T01:45:00,0.0,1.36,23.65,20.0,7.9,22.0,23.48,89.49,1012.24,5.52,18.5678,78.9012
NODE_005,2026-06-03T02:00:00,0.0,1.36,23.24,20.0,7.89,22.0,23.4,90.0,1012.82,5.2,18.5678,78.9012
NODE_005,2026-06-03T02:15:00,0.0,1.37,23.66,20.0,7.88,22.0,23.54,90.0,1012.19,6.09,18.5678,78.9012
NODE_005,2026-06-03T02:30:00,0.0,1.38,24.15,20.0,7.87,22.0,23.28,90.0,1011.78,5.22,18.5678,78.9012
NODE_005,2026-06-03T02:45:00,0.0,1.39,24.24,20.0,7.86,22.0,23.83,90.0,1011.91,7.45,18.5678,78.9012
NODE_005,2026-06-03T03:00:00,0.0,1.38,23.79,20.0,7.85,22.0,22.54,89.49,1011.9,5.07,18.5678,78.9012
NODE_005,2026-06-03T03:15:00,0.0,1.36,24.08,20.0,7.84,22.0,22.51,89.49,1012.12,5.06,18.5678,78.9012
NODE_005,2026-06-03T03:30:00,0.0,1.38,24.25,20.0,7.83,22.0,23.2,89.49,1012.1,5.3,18.5678,78.9012
NODE_005,2026-06-03T03:45:00,0.0,1.37,23.62,20.0,7.82,22.0,23.71,89.49,1011.89,5.25,18.5678,78.9012
NODE_005,2026-06-03T04:00:00,0.0,1.37,23.35,20.0,7.81,22.0,23.34,87.99,1011.63,8.74,18.5678,78.9012
NODE_005,2026-06-03T04:15:00,0.0,1.37,23.74,20.0,7.8,22.0,24.14,87.99,1012.04,14.11,18.5678,78.9012
NODE_005,2026-06-03T04:30:00,0.0,1.37,23.01,20.0,7.79,22.0,24.52,87.99,1011.43,5.65,18.5678,78.9012
NODE_005,2026-06-03T04:45:00,0.0,1.36,23.48,20.0,7.78,22.0,24.05,87.99,1012.46,9.98,18.5678,78.9012
NODE_005,2026-06-03T05:00:00,0.0,1.36,23.57,20.0,7.77,22.0,25.24,85.61,1012.13,8.39,18.5678,78.9012
NODE_005,2026-06-03T05:15:00,0.0,1.36,23.16,20.0,7.76,22.0,23.63,85.61,1012.5,5.01,18.5678,78.9012
NODE_005,2026-06-03T05:30:00,0.0,1.36,23.47,20.0,7.75,22.0,24.22,85.61,1012.34,5.5,18.5678,78.9012
NODE_005,2026-06-03T05:45:00,0.0,1.37,23.38,20.0,7.74,22.0,24.55,85.61,1011.63,5.31,18.5678,78.9012
NODE_005,2026-06-03T06:00:00,0.0,1.38,23.72,20.0,7.73,22.0,25.9,82.5,1011.93,6.03,18.5678,78.9012
NODE_005,2026-06-03T06:15:00,0.0,1.38,24.35,20.0,7.72,22.0,25.41,82.5,1013.09,7.34,18.5678,78.9012
NODE_005,2026-06-03T06:30:00,0.0,1.39,23.86,20.0,7.71,22.0,25.51,82.5,1013.28,10.99,18.5678,78.9012
NODE_005,2026-06-03T06:45:00,0.0,1.39,24.17,20.0,7.7,22.0,25.08,82.5,1011.66,9.33,18.5678,78.9012
NODE_005,2026-06-03T07:00:00,0.0,1.38,24.34,20.0,7.69,22.0,26.27,78.88,1011.35,5.37,18.5678,78.9012
NODE_005,2026-06-03T07:15:00,0.0,1.38,23.23,20.0,7.68,22.0,27.34,78.88,1011.84,8.29,18.5678,78.9012
NODE_005,2026-06-03T07:30:00,0.0,1.37,23.72,20.0,7.67,22.0,26.32,78.88,1012.49,5.79,18.5678,78.9012
NODE_005,2026-06-03T07:45:00,0.0,1.37,23.43,20.0,7.66,22.0,26.38,78.88,1012.1,5.32,18.5678,78.9012
NODE_005,2026-06-03T08:00:00,0.0,1.37,23.51,20.0,7.65,22.0,28.78,75.0,1011.48,6.33,18.5678,78.9012
NODE_005,2026-06-03T08:15:00,0.0,1.37,24.02,20.0,7.64,22.0,28.66,75.0,1011.98,5.78,18.5678,78.9012
NODE_005,2026-06-03T08:30:00,0.0,1.37,23.85,20.0,7.63,22.0,28.81,75.0,1011.92,8.18,18.5678,78.9012
NODE_005,2026-06-03T08:45:00,0.0,1.37,23.12,20.0,7.62,22.0,27.7,75.0,1012.31,6.18,18.5678,78.9012
NODE_005,2026-06-03T09:00:00,0.0,1.38,22.93,20.0,7.61,22.0,29.9,71.12,1012.87,5.19,18.5678,78.9012
NODE_005,2026-06-03T09:15:00,0.0,1.37,23.44,20.0,7.6,22.0,29.56,71.12,1011.73,10.37,18.5678,78.9012
NODE_005,2026-06-03T09:30:00,0.0,1.37,23.56,20.0,7.59,22.0,30.11,71.12,1011.85,5.5,18.5678,78.9012
NODE_005,2026-06-03T09:45:00,0.0,1.38,24.77,20.0,7.58,22.0,29.24,71.12,1012.24,5.82,18.5678,78.9012
NODE_005,2026-06-03T10:00:00,0.0,1.37,23.1,20.0,7.57,22.0,30.66,67.5,1012.31,6.99,18.5678,78.9012
NODE_005,2026-06-03T10:15:00,0.0,1.38,23.6,20.0,7.56,22.0,30.15,67.5,1012.49,6.24,18.5678,78.9012
NODE_005,2026-06-03T10:30:00,0.0,1.37,23.04,20.0,7.55,22.0,29.89,67.5,1012.2,6.17,18.5678,78.9012
NODE_005,2026-06-03T10:45:00,0.0,1.37,23.59,20.0,7.54,22.0,30.23,67.5,1011.91,11.4,18.5678,78.9012
NODE_005,2026-06-03T11:00:00,0.0,1.38,24.49,20.0,7.53,22.0,32.26,64.39,1011.36,5.66,18.5678,78.9012
NODE_005,2026-06-03T11:15:00,0.0,1.37,22.65,20.0,7.52,22.0,31.19,64.39,1012.17,6.6,18.5678,78.9012
NODE_005,2026-06-03T11:30:00,0.0,1.36,23.45,20.0,7.51,22.0,32.46,64.39,1011.85,5.55,18.5678,78.9012
NODE_005,2026-06-03T11:45:00,0.0,1.37,24.58,20.0,7.5,22.0,31.86,64.39,1012.9,5.64,18.5678,78.9012
NODE_005,2026-06-03T12:00:00,0.0,1.36,23.8,20.0,7.49,22.0,32.9,62.01,1010.45,6.52,18.5678,78.9012
NODE_005,2026-06-03T12:15:00,0.0,1.36,23.79,20.0,7.48,22.0,32.28,62.01,1011.94,6.53,18.5678,78.9012
NODE_005,2026-06-03T12:30:00,0.0,1.36,23.86,20.0,7.47,22.0,32.59,62.01,1011.67,7.68,18.5678,78.9012
NODE_005,2026-06-03T12:45:00,0.0,1.34,22.73,20.0,7.46,22.0,32.15,62.01,1012.09,6.03,18.5678,78.9012
NODE_005,2026-06-03T13:00:00,0.0,1.35,23.48,20.0,7.45,22.0,32.77,60.51,1012.07,5.65,18.5678,78.9012
NODE_005,2026-06-03T13:15:00,0.0,1.35,23.0,20.0,7.44,22.0,33.24,60.51,1011.14,5.12,18.5678,78.9012
NODE_005,2026-06-03T13:30:00,0.0,1.33,23.5,20.0,7.43,22.0,33.21,60.51,1011.81,5.64,18.5678,78.9012
NODE_005,2026-06-03T13:45:00,0.0,1.32,23.26,20.0,7.42,22.0,33.07,60.51,1011.98,5.53,18.5678,78.9012
NODE_005,2026-06-03T14:00:00,0.0,1.33,22.22,20.0,7.41,22.0,32.99,60.0,1011.64,7.52,18.5678,78.9012
NODE_005,2026-06-03T14:15:00,0.0,1.33,22.84,20.0,7.4,22.0,33.24,60.0,1012.84,5.95,18.5678,78.9012
NODE_005,2026-06-03T14:30:00,0.0,1.35,22.94,20.0,7.39,22.0,33.25,60.0,1012.25,6.54,18.5678,78.9012
NODE_005,2026-06-03T14:45:00,0.0,1.34,22.58,20.0,7.38,22.0,33.32,60.0,1011.81,5.74,18.5678,78.9012
NODE_005,2026-06-03T15:00:00,0.0,1.35,21.81,20.0,7.37,22.0,33.78,60.51,1011.95,11.45,18.5678,78.9012
NODE_005,2026-06-03T15:15:00,0.0,1.34,23.29,20.0,7.36,22.0,34.19,60.51,1012.75,6.09,18.5678,78.9012
NODE_005,2026-06-03T15:30:00,0.0,1.35,23.11,20.0,7.35,22.0,32.87,60.51,1011.12,5.29,18.5678,78.9012
NODE_005,2026-06-03T15:45:00,0.0,1.34,23.72,20.0,7.34,22.0,32.72,60.51,1012.57,7.13,18.5678,78.9012
NODE_005,2026-06-03T16:00:00,0.0,1.35,23.01,20.0,7.33,22.0,32.3,62.01,1012.58,7.63,18.5678,78.9012
NODE_005,2026-06-03T16:15:00,0.0,1.35,23.64,20.0,7.32,22.0,32.95,62.01,1011.87,5.96,18.5678,78.9012
NODE_005,2026-06-03T16:30:00,0.0,1.35,22.62,20.0,7.31,22.0,32.33,62.01,1011.03,5.82,18.5678,78.9012
NODE_005,2026-06-03T16:45:00,0.0,1.37,23.58,20.0,7.3,22.0,32.05,62.01,1011.71,5.31,18.5678,78.9012
NODE_005,2026-06-03T17:00:00,0.0,1.38,24.57,20.0,7.29,22.0,32.0,64.39,1012.08,6.52,18.5678,78.9012
NODE_005,2026-06-03T17:15:00,0.0,1.38,24.33,20.0,7.28,22.0,32.47,64.39,1011.75,5.11,18.5678,78.9012
NODE_005,2026-06-03T17:30:00,0.0,1.39,24.69,20.0,7.27,22.0,31.93,64.39,1011.62,5.02,18.5678,78.9012
NODE_005,2026-06-03T17:45:00,0.0,1.39,24.25,20.0,7.26,22.0,32.48,64.39,1012.01,5.25,18.5678,78.9012
NODE_005,2026-06-03T18:00:00,0.0,1.38,23.88,20.0,7.25,22.0,30.45,67.5,1011.33,6.59,18.5678,78.9012
NODE_005,2026-06-03T18:15:00,0.0,1.4,24.0,20.0,7.24,22.0,30.18,67.5,1011.64,5.39,18.5678,78.9012
NODE_005,2026-06-03T18:30:00,0.0,1.41,25.83,20.0,7.23,22.0,31.24,67.5,1011.83,6.91,18.5678,78.9012
NODE_005,2026-06-03T18:45:00,0.0,1.4,24.15,20.0,7.22,22.0,29.61,67.5,1011.39,5.53,18.5678,78.9012
NODE_005,2026-06-03T19:00:00,0.0,1.4,23.39,20.0,7.21,22.0,29.34,71.12,1012.25,11.58,18.5678,78.9012
NODE_005,2026-06-03T19:15:00,0.0,1.38,23.96,20.0,7.2,22.0,28.8,71.12,1011.73,5.23,18.5678,78.9012
NODE_005,2026-06-03T19:30:00,0.0,1.38,23.23,20.0,7.19,22.0,28.84,71.12,1011.83,5.91,18.5678,78.9012
NODE_005,2026-06-03T19:45:00,0.0,1.39,23.96,20.0,7.18,22.0,29.22,71.12,1011.57,11.13,18.5678,78.9012
NODE_005,2026-06-03T20:00:00,0.0,1.39,23.74,20.0,7.17,22.0,28.31,75.0,1012.56,7.91,18.5678,78.9012
NODE_005,2026-06-03T20:15:00,0.0,1.39,24.41,20.0,7.16,22.0,28.19,75.0,1012.35,7.14,18.5678,78.9012
NODE_005,2026-06-03T20:30:00,0.0,1.4,24.78,20.0,7.15,22.0,28.17,75.0,1012.16,6.68,18.5678,78.9012
NODE_005,2026-06-03T20:45:00,0.0,1.4,24.78,20.0,7.14,22.0,27.6,75.0,1011.77,7.65,18.5678,78.9012
NODE_005,2026-06-03T21:00:00,0.0,1.4,24.28,20.0,7.13,22.0,26.05,78.88,1012.71,5.54,18.5678,78.9012
NODE_005,2026-06-03T21:15:00,0.0,1.4,24.39,20.0,7.12,22.0,28.39,78.88,1012.26,8.92,18.5678,78.9012
NODE_005,2026-06-03T21:30:00,0.0,1.4,24.26,20.0,7.11,22.0,26.78,78.88,1012.73,5.04,18.5678,78.9012
NODE_005,2026-06-03T21:45:00,0.0,1.4,25.27,20.0,7.1,22.0,26.57,78.88,1012.67,6.21,18.5678,78.9012
NODE_005,2026-06-03T22:00:00,0.0,1.41,25.57,20.0,7.09,22.0,25.77,82.5,1011.33,6.48,18.5678,78.9012
NODE_005,2026-06-03T22:15:00,0.0,1.41,24.39,20.0,7.08,22.0,25.53,82.5,1012.31,6.67,18.5678,78.9012
NODE_005,2026-06-03T22:30:00,0.0,1.4,24.6,20.0,7.07,22.0,25.88,82.5,1012.49,5.06,18.5678,78.9012
NODE_005,2026-06-03T22:45:00,0.0,1.42,24.77,20.0,7.06,22.0,25.39,82.5,1012.32,6.91,18.5678,78.9012
NODE_005,2026-06-03T23:00:00,0.0,1.42,25.08,20.0,7.05,22.0,23.83,85.61,1011.42,5.83,18.5678,78.9012
NODE_005,2026-06-03T23:15:00,0.0,1.45,26.01,20.0,7.04,22.0,23.91,85.61,1011.16,8.37,18.5678,78.9012
NODE_005,2026-06-03T23:30:00,0.0,1.44,24.97,20.0,7.03,22.0,24.41,85.61,1011.36,10.33,18.5678,78.9012
NODE_005,2026-06-03T23:45:00,0.0,1.43,25.84,20.0,7.02,22.0,24.36,85.61,1011.92,7.02,18.5678,78.9012
NODE_005,2026-06-04T00:00:00,0.0,1.42,25.23,20.0,7.01,22.0,23.03,87.99,1011.46,8.55,18.5678,78.9012
NODE_005,2026-06-04T00:15:00,0.0,1.41,24.96,20.0,7.0,22.0,23.93,87.99,1010.81,8.69,18.5678,78.9012
NODE_005,2026-06-04T00:30:00,0.0,1.41,24.22,20.0,6.99,22.0,23.31,87.99,1011.92,5.78,18.5678,78.9012
NODE_005,2026-06-04T00:45:00,0.0,1.41,24.64,20.0,6.98,22.0,23.86,87.99,1012.29,5.37,18.5678,78.9012
NODE_005,2026-06-04T01:00:00,0.0,1.4,23.62,20.0,6.97,22.0,23.86,89.49,1011.72,5.88,18.5678,78.9012
NODE_005,2026-06-04T01:15:00,0.0,1.4,24.51,20.0,6.96,22.0,23.37,89.49,1012.12,5.08,18.5678,78.9012
NODE_005,2026-06-04T01:30:00,0.0,1.4,24.86,20.0,6.95,22.0,23.68,89.49,1011.96,5.67,18.5678,78.9012
NODE_005,2026-06-04T01:45:00,0.0,1.4,23.92,20.0,6.94,22.0,23.05,89.49,1011.83,5.75,18.5678,78.9012
NODE_005,2026-06-04T02:00:00,0.0,1.4,24.67,20.0,6.93,22.0,23.3,90.0,1011.98,5.85,18.5678,78.9012
NODE_005,2026-06-04T02:15:00,0.0,1.41,24.59,20.0,6.92,22.0,21.91,90.0,1011.97,5.77,18.5678,78.9012
NODE_005,2026-06-04T02:30:00,0.0,1.41,24.46,20.0,6.91,22.0,23.66,90.0,1010.66,11.06,18.5678,78.9012
NODE_005,2026-06-04T02:45:00,0.0,1.41,24.79,20.0,6.9,22.0,22.73,90.0,1012.21,6.42,18.5678,78.9012
NODE_005,2026-06-04T03:00:00,0.0,1.41,24.38,20.0,6.89,22.0,22.57,89.49,1011.4,6.37,18.5678,78.9012
NODE_005,2026-06-04T03:15:00,0.0,1.42,26.2,20.0,6.88,22.0,22.26,89.49,1011.48,6.12,18.5678,78.9012
NODE_005,2026-06-04T03:30:00,0.0,1.43,25.59,20.0,6.87,22.0,22.51,89.49,1012.53,5.2,18.5678,78.9012
NODE_005,2026-06-04T03:45:00,0.0,1.45,26.2,20.0,6.86,22.0,22.88,89.49,1011.25,6.04,18.5678,78.9012
NODE_005,2026-06-04T04:00:00,0.0,1.44,25.54,20.0,6.85,22.0,23.64,87.99,1011.64,7.64,18.5678,78.9012
NODE_005,2026-06-04T04:15:00,0.0,1.44,25.97,20.0,6.84,22.0,23.44,87.99,1012.71,5.3,18.5678,78.9012
NODE_005,2026-06-04T04:30:00,0.0,1.44,25.78,20.0,6.83,22.0,23.46,87.99,1012.46,5.61,18.5678,78.9012
NODE_005,2026-06-04T04:45:00,0.0,1.43,25.3,20.0,6.82,22.0,23.48,87.99,1011.76,5.99,18.5678,78.9012
NODE_005,2026-06-04T05:00:00,0.0,1.43,25.43,20.0,6.81,22.0,25.17,85.61,1011.79,5.66,18.5678,78.9012
NODE_005,2026-06-04T05:15:00,0.0,1.42,25.12,20.0,6.8,22.0,24.58,85.61,1012.65,5.99,18.5678,78.9012
NODE_005,2026-06-04T05:30:00,0.0,1.43,26.03,20.0,6.79,22.0,24.92,85.61,1011.62,7.88,18.5678,78.9012
NODE_005,2026-06-04T05:45:00,0.0,1.43,25.99,20.0,6.78,22.0,25.4,85.61,1012.06,5.74,18.5678,78.9012
NODE_005,2026-06-04T06:00:00,0.0,1.43,24.62,20.0,6.77,22.0,25.67,82.5,1012.94,8.25,18.5678,78.9012
NODE_005,2026-06-04T06:15:00,0.0,1.41,24.23,20.0,6.76,22.0,25.48,82.5,1012.77,8.3,18.5678,78.9012
NODE_005,2026-06-04T06:30:00,0.0,1.4,24.14,20.0,6.75,22.0,25.45,82.5,1012.5,6.09,18.5678,78.9012
NODE_005,2026-06-04T06:45:00,0.0,1.4,24.7,20.0,6.74,22.0,25.09,82.5,1012.17,8.17,18.5678,78.9012
NODE_005,2026-06-04T07:00:00,0.0,1.39,23.46,20.0,6.73,22.0,27.13,78.88,1012.8,5.31,18.5678,78.9012
NODE_005,2026-06-04T07:15:00,0.0,1.4,24.87,20.0,6.72,22.0,27.19,78.88,1012.7,6.14,18.5678,78.9012
NODE_005,2026-06-04T07:30:00,0.0,1.4,25.03,20.0,6.71,22.0,27.34,78.88,1012.26,5.61,18.5678,78.9012
NODE_005,2026-06-04T07:45:00,0.0,1.38,24.31,20.0,6.7,22.0,26.8,78.88,1012.65,5.37,18.5678,78.9012
NODE_005,2026-06-04T08:00:00,0.0,1.39,24.88,20.0,6.69,22.0,27.88,75.0,1012.95,7.71,18.5678,78.9012
NODE_005,2026-06-04T08:15:00,0.0,1.38,24.06,20.0,6.68,22.0,28.22,75.0,1012.25,5.6,18.5678,78.9012
NODE_005,2026-06-04T08:30:00,0.0,1.37,24.48,20.0,6.67,22.0,27.42,75.0,1012.06,6.21,18.5678,78.9012
NODE_005,2026-06-04T08:45:00,0.0,1.37,23.79,20.0,6.66,22.0,28.53,75.0,1012.0,5.17,18.5678,78.9012
NODE_005,2026-06-04T09:00:00,0.0,1.36,23.47,20.0,6.65,22.0,29.04,71.12,1012.71,8.09,18.5678,78.9012
NODE_005,2026-06-04T09:15:00,0.0,1.36,22.85,20.0,6.64,22.0,29.0,71.12,1012.16,7.34,18.5678,78.9012
NODE_005,2026-06-04T09:30:00,0.0,1.37,24.09,20.0,6.63,22.0,29.84,71.12,1011.79,5.32,18.5678,78.9012
NODE_005,2026-06-04T09:45:00,0.0,1.35,22.97,20.0,6.62,22.0,28.99,71.12,1011.53,5.21,18.5678,78.9012
NODE_005,2026-06-04T10:00:00,0.0,1.36,23.69,20.0,6.61,22.0,30.51,67.5,1011.86,6.28,18.5678,78.9012
NODE_005,2026-06-04T10:15:00,0.0,1.36,22.95,20.0,6.6,22.0,29.68,67.5,1013.26,5.47,18.5678,78.9012
NODE_005,2026-06-04T10:30:00,0.0,1.35,23.03,20.0,6.59,22.0,30.54,67.5,1011.68,5.55,18.5678,78.9012
NODE_005,2026-06-04T10:45:00,0.0,1.34,22.57,20.0,6.58,22.0,30.23,67.5,1011.46,6.43,18.5678,78.9012
NODE_005,2026-06-04T11:00:00,0.0,1.35,24.47,20.0,6.57,22.0,31.69,64.39,1011.91,7.87,18.5678,78.9012
NODE_005,2026-06-04T11:15:00,0.0,1.36,23.29,20.0,6.56,22.0,31.77,64.39,1011.54,6.17,18.5678,78.9012
NODE_005,2026-06-04T11:30:00,0.0,1.36,22.94,20.0,6.55,22.0,32.17,64.39,1012.2,5.84,18.5678,78.9012
NODE_005,2026-06-04T11:45:00,0.0,1.36,22.78,20.0,6.54,22.0,32.62,64.39,1011.09,5.17,18.5678,78.9012
NODE_005,2026-06-04T12:00:00,0.0,1.39,24.41,20.0,6.53,22.0,31.14,62.01,1012.74,7.22,18.5678,78.9012
NODE_005,2026-06-04T12:15:00,0.0,1.39,24.1,20.0,6.52,22.0,32.36,62.01,1011.8,8.23,18.5678,78.9012
NODE_005,2026-06-04T12:30:00,0.0,1.4,23.2,20.0,6.51,22.0,32.04,62.01,1010.95,10.99,18.5678,78.9012
NODE_005,2026-06-04T12:45:00,0.0,1.42,25.0,20.0,6.5,22.0,31.89,62.01,1012.45,5.03,18.5678,78.9012
NODE_005,2026-06-04T13:00:00,0.0,1.42,25.95,20.0,6.49,22.0,32.1,60.51,1013.05,7.24,18.5678,78.9012
NODE_005,2026-06-04T13:15:00,0.0,1.43,26.09,20.0,6.48,22.0,32.79,60.51,1012.39,5.68,18.5678,78.9012
NODE_005,2026-06-04T13:30:00,0.0,1.45,25.68,20.0,6.47,22.0,32.58,60.51,1012.41,5.31,18.5678,78.9012
NODE_005,2026-06-04T13:45:00,0.0,1.45,25.1,20.0,6.46,22.0,31.95,60.51,1012.24,7.64,18.5678,78.9012
NODE_005,2026-06-04T14:00:00,0.0,1.43,24.91,20.0,6.45,22.0,33.25,60.0,1011.27,5.88,18.5678,78.9012
NODE_005,2026-06-04T14:15:00,0.0,1.41,24.5,20.0,6.44,22.0,31.96,60.0,1012.14,5.0,18.5678,78.9012
NODE_005,2026-06-04T14:30:00,0.0,1.43,25.58,20.0,6.43,22.0,33.01,60.0,1011.45,6.77,18.5678,78.9012
NODE_005,2026-06-04T14:45:00,0.0,1.42,26.04,20.0,6.42,22.0,33.69,60.0,1012.04,5.84,18.5678,78.9012
NODE_005,2026-06-04T15:00:00,0.0,1.41,24.35,20.0,6.41,22.0,32.5,60.51,1012.27,5.62,18.5678,78.9012
NODE_005,2026-06-04T15:15:00,0.0,1.4,25.25,20.0,6.4,22.0,33.5,60.51,1012.18,7.32,18.5678,78.9012
NODE_005,2026-06-04T15:30:00,0.0,1.41,24.77,20.0,6.39,22.0,33.29,60.51,1012.42,5.33,18.5678,78.9012
NODE_005,2026-06-04T15:45:00,0.0,1.42,24.16,20.0,6.38,22.0,33.24,60.51,1012.86,7.77,18.5678,78.9012
NODE_005,2026-06-04T16:00:00,0.0,1.41,25.62,20.0,6.37,22.0,32.88,62.01,1012.45,5.07,18.5678,78.9012
NODE_005,2026-06-04T16:15:00,0.0,1.42,24.83,20.0,6.36,22.0,31.68,62.01,1011.83,5.81,18.5678,78.9012
NODE_005,2026-06-04T16:30:00,0.0,1.42,25.29,20.0,6.35,22.0,32.19,62.01,1012.03,9.01,18.5678,78.9012
NODE_005,2026-06-04T16:45:00,0.0,1.41,24.74,20.0,6.34,22.0,31.11,62.01,1011.49,8.31,18.5678,78.9012
NODE_005,2026-06-04T17:00:00,0.0,1.4,24.51,20.0,6.33,22.0,31.65,64.39,1012.27,5.95,18.5678,78.9012
NODE_005,2026-06-04T17:15:00,0.0,1.41,25.02,20.0,6.32,22.0,31.0,64.39,1011.89,5.26,18.5678,78.9012
NODE_005,2026-06-04T17:30:00,0.0,1.41,23.98,20.0,6.31,22.0,31.28,64.39,1012.0,5.11,18.5678,78.9012
NODE_005,2026-06-04T17:45:00,0.0,1.4,25.25,20.0,6.3,22.0,30.75,64.39,1012.76,5.19,18.5678,78.9012
NODE_005,2026-06-04T18:00:00,0.0,1.4,25.07,20.0,6.29,22.0,31.36,67.5,1012.05,8.57,18.5678,78.9012
NODE_005,2026-06-04T18:15:00,0.0,1.4,24.1,20.0,6.28,22.0,30.59,67.5,1011.95,5.92,18.5678,78.9012
NODE_005,2026-06-04T18:30:00,0.0,1.41,25.03,20.0,6.27,22.0,31.95,67.5,1012.06,5.62,18.5678,78.9012
NODE_005,2026-06-04T18:45:00,0.0,1.4,24.28,20.0,6.26,22.0,30.45,67.5,1012.8,5.34,18.5678,78.9012
NODE_005,2026-06-04T19:00:00,0.0,1.39,24.49,20.0,6.25,22.0,28.43,71.12,1010.93,5.54,18.5678,78.9012
NODE_005,2026-06-04T19:15:00,0.0,1.38,24.69,20.0,6.24,22.0,29.76,71.12,1011.14,6.89,18.5678,78.9012
NODE_005,2026-06-04T19:30:00,0.0,1.39,24.06,20.0,6.23,22.0,29.52,71.12,1012.16,5.16,18.5678,78.9012
NODE_005,2026-06-04T19:45:00,0.0,1.39,24.37,20.0,6.22,22.0,28.83,71.12,1011.13,6.39,18.5678,78.9012
NODE_005,2026-06-04T20:00:00,0.0,1.4,25.12,20.0,6.21,22.0,28.84,75.0,1013.1,5.34,18.5678,78.9012
NODE_005,2026-06-04T20:15:00,0.0,1.41,25.23,20.0,6.2,22.0,28.67,75.0,1011.68,5.9,18.5678,78.9012
NODE_005,2026-06-04T20:30:00,0.0,1.42,25.71,20.0,6.19,22.0,27.26,75.0,1012.22,5.76,18.5678,78.9012
NODE_005,2026-06-04T20:45:00,0.0,1.44,25.59,20.0,6.18,22.0,28.07,75.0,1011.84,5.43,18.5678,78.9012
NODE_005,2026-06-04T21:00:00,0.0,1.42,25.16,20.0,6.17,22.0,26.35,78.88,1011.58,6.25,18.5678,78.9012
NODE_005,2026-06-04T21:15:00,0.0,1.44,25.76,20.0,6.16,22.0,27.26,78.88,1011.95,7.83,18.5678,78.9012
NODE_005,2026-06-04T21:30:00,0.0,1.44,25.66,20.0,6.15,22.0,26.15,78.88,1012.46,7.68,18.5678,78.9012
NODE_005,2026-06-04T21:45:00,0.0,1.42,24.92,20.0,6.14,22.0,26.53,78.88,1012.35,6.59,18.5678,78.9012
NODE_005,2026-06-04T22:00:00,0.0,1.41,23.69,20.0,6.13,22.0,25.6,82.5,1012.37,7.47,18.5678,78.9012
NODE_005,2026-06-04T22:15:00,0.0,1.41,24.48,20.0,6.12,22.0,25.99,82.5,1010.79,5.03,18.5678,78.9012
NODE_005,2026-06-04T22:30:00,0.0,1.41,23.85,20.0,6.11,22.0,24.96,82.5,1012.12,5.89,18.5678,78.9012
NODE_005,2026-06-04T22:45:00,0.0,1.43,25.37,20.0,6.1,22.0,25.47,82.51,1012.02,8.32,18.5678,78.9012
NODE_005,2026-06-04T23:00:00,0.0,1.43,25.24,20.0,6.09,22.0,23.89,85.61,1012.37,5.87,18.5678,78.9012
NODE_005,2026-06-04T23:15:00,0.0,1.42,25.33,20.0,6.08,22.0,23.96,85.61,1012.16,9.36,18.5678,78.9012
NODE_005,2026-06-04T23:30:00,0.0,1.42,24.88,20.0,6.07,22.0,24.17,85.61,1012.01,5.63,18.5678,78.9012
NODE_005,2026-06-04T23:45:00,0.0,1.42,24.99,20.0,6.06,22.0,23.31,85.61,1011.7,5.19,18.5678,78.9012
NODE_005,2026-06-05T00:00:00,0.0,1.43,24.68,20.0,6.05,22.0,23.8,88.0,1011.48,5.63,18.5678,78.9012
NODE_005,2026-06-05T00:15:00,0.0,1.43,24.55,20.0,6.04,22.0,24.45,88.0,1011.16,6.02,18.5678,78.9012
NODE_005,2026-06-05T00:30:00,0.0,1.43,24.87,20.0,6.03,22.0,23.65,88.0,1011.76,5.1,18.5678,78.9012
NODE_005,2026-06-05T00:45:00,0.0,1.44,26.16,20.0,6.02,22.0,24.54,88.01,1011.15,5.25,18.5678,78.9012
NODE_005,2026-06-05T01:00:00,0.0,1.44,25.46,20.0,6.01,22.0,23.43,89.51,1012.48,8.38,18.5678,78.9012
NODE_005,2026-06-05T01:15:00,0.0,1.43,25.16,20.0,6.0,22.0,23.18,89.51,1011.72,6.42,18.5678,78.9012
NODE_005,2026-06-05T01:30:00,0.0,1.43,25.58,20.0,5.99,22.0,23.74,89.51,1011.94,5.64,18.5678,78.9012
NODE_005,2026-06-05T01:45:00,0.0,1.42,26.08,20.0,5.98,22.0,22.7,89.51,1011.53,7.58,18.5678,78.9012
NODE_005,2026-06-05T02:00:00,0.0,1.44,25.87,20.0,5.97,22.0,23.17,90.03,1011.66,7.87,18.5678,78.9012
NODE_005,2026-06-05T02:15:00,0.0,1.46,24.94,20.0,5.96,22.0,22.26,90.02,1012.29,5.62,18.5678,78.9012
NODE_005,2026-06-05T02:30:00,0.0,1.47,26.81,20.0,5.95,22.0,22.05,90.03,1011.95,5.28,18.5678,78.9012
NODE_005,2026-06-05T02:45:00,0.0,1.47,26.6,20.0,5.94,22.0,23.15,90.03,1011.75,5.56,18.5678,78.9012
NODE_005,2026-06-05T03:00:00,0.0,1.47,27.34,20.0,5.93,22.0,23.27,89.52,1011.06,5.14,18.5678,78.9012
NODE_005,2026-06-05T03:15:00,0.0,1.47,25.9,20.0,5.92,22.0,22.77,89.52,1012.88,6.09,18.5678,78.9012
NODE_005,2026-06-05T03:30:00,0.0,1.46,25.7,20.0,5.91,22.0,23.07,89.54,1011.77,5.45,18.5678,78.9012
NODE_005,2026-06-05T03:45:00,0.0,1.45,25.82,20.0,5.9,22.0,24.24,89.55,1012.29,6.14,18.5678,78.9012
NODE_005,2026-06-05T04:00:00,0.0,1.45,26.41,20.0,5.89,22.0,24.32,88.05,1011.74,7.19,18.5678,78.9012
NODE_005,2026-06-05T04:15:00,0.0,1.44,25.07,20.0,5.88,22.0,23.69,88.07,1011.6,6.2,18.5678,78.9012
NODE_005,2026-06-05T04:30:00,0.16,1.43,25.39,20.0,5.87,22.0,24.18,88.07,1011.71,8.39,18.5678,78.9012
NODE_005,2026-06-05T04:45:00,0.0,1.42,25.03,20.0,5.86,22.0,24.09,88.06,1010.86,6.33,18.5678,78.9012
NODE_005,2026-06-05T05:00:00,0.31,1.42,24.88,20.0,5.85,22.0,24.44,85.71,1011.15,9.7,18.5678,78.9012
NODE_005,2026-06-05T05:15:00,0.19,1.41,25.24,20.0,5.84,22.0,24.87,85.72,1011.6,5.53,18.5678,78.9012
NODE_005,2026-06-05T05:30:00,0.17,1.42,25.47,20.0,5.83,22.0,24.1,85.72,1012.17,6.6,18.5678,78.9012
NODE_005,2026-06-05T05:45:00,0.23,1.41,24.82,20.0,5.82,22.0,25.56,85.73,1011.64,5.6,18.5678,78.9012
NODE_005,2026-06-05T06:00:00,0.24,1.41,23.65,20.0,5.81,22.0,25.46,82.61,1011.12,7.15,18.5678,78.9012
NODE_005,2026-06-05T06:15:00,0.23,1.42,25.9,20.0,5.8,22.0,24.85,82.64,1012.58,10.05,18.5678,78.9012
NODE_005,2026-06-05T06:30:00,0.32,1.43,25.14,20.01,5.79,22.0,25.63,82.67,1012.05,14.33,18.5678,78.9012
NODE_005,2026-06-05T06:45:00,0.31,1.43,24.76,20.01,5.78,22.0,24.95,82.69,1012.47,7.41,18.5678,78.9012
NODE_005,2026-06-05T07:00:00,0.38,1.42,25.38,20.04,5.77,22.0,27.5,79.12,1011.07,5.85,18.5678,78.9012
NODE_005,2026-06-05T07:15:00,0.39,1.42,25.42,20.08,5.76,22.0,26.28,79.11,1012.1,5.14,18.5678,78.9012
NODE_005,2026-06-05T07:30:00,0.45,1.41,25.1,20.14,5.75,22.0,27.45,79.14,1011.71,6.35,18.5678,78.9012
NODE_005,2026-06-05T07:45:00,0.59,1.42,25.74,20.26,5.74,22.0,26.36,79.19,1011.79,9.32,18.5678,78.9012
NODE_005,2026-06-05T08:00:00,0.29,1.41,25.66,20.25,5.73,22.0,28.05,75.23,1011.73,5.24,18.5678,78.9012
NODE_005,2026-06-05T08:15:00,0.49,1.4,24.51,20.33,5.72,22.0,27.82,75.28,1012.39,6.39,18.5678,78.9012
NODE_005,2026-06-05T08:30:00,0.62,1.41,24.83,20.46,5.71,22.0,27.84,75.35,1011.66,7.36,18.5678,78.9012
NODE_005,2026-06-05T08:45:00,0.57,1.42,25.33,20.56,5.7,22.0,28.36,75.35,1011.6,5.26,18.5678,78.9012
NODE_005,2026-06-05T09:00:00,0.7,1.42,25.65,20.72,5.69,22.0,28.71,71.54,1011.43,6.83,18.5678,78.9012
NODE_005,2026-06-05T09:15:00,0.81,1.43,25.04,20.93,5.68,22.0,29.4,71.6,1011.6,5.84,18.5678,78.9012
NODE_005,2026-06-05T09:30:00,0.8,1.43,25.79,21.13,5.67,22.0,28.88,71.57,1011.42,7.72,18.5678,78.9012
NODE_005,2026-06-05T09:45:00,0.73,1.43,25.33,21.3,5.67,22.0,29.36,71.59,1012.39,6.98,18.5678,78.9012
NODE_005,2026-06-05T10:00:00,1.0,1.42,24.64,21.58,5.66,22.0,30.72,68.13,1012.0,5.84,18.5678,78.9012
NODE_005,2026-06-05T10:15:00,1.11,1.43,25.31,21.9,5.65,22.0,31.0,68.14,1011.65,5.89,18.5678,78.9012
NODE_005,2026-06-05T10:30:00,0.98,1.44,25.22,22.18,5.64,22.0,29.95,68.12,1010.9,7.07,18.5678,78.9012
NODE_005,2026-06-05T10:45:00,1.29,1.45,26.05,22.57,5.63,22.0,31.5,68.29,1012.06,5.53,18.5678,78.9012
NODE_005,2026-06-05T11:00:00,1.33,1.45,25.97,22.98,5.62,22.0,31.56,65.14,1011.29,5.49,18.5678,78.9012
NODE_005,2026-06-05T11:15:00,1.2,1.44,24.86,23.34,5.61,22.0,31.04,65.17,1012.62,6.04,18.5678,78.9012
NODE_005,2026-06-05T11:30:00,1.41,1.45,26.99,23.79,5.6,22.0,31.1,65.24,1010.73,6.42,18.5678,78.9012
NODE_005,2026-06-05T11:45:00,1.3,1.46,26.51,24.19,5.59,22.0,31.3,65.16,1012.06,5.93,18.5678,78.9012
NODE_005,2026-06-05T12:00:00,1.79,1.45,26.16,24.78,5.58,22.0,32.73,63.04,1011.58,5.66,18.5678,78.9012
NODE_005,2026-06-05T12:15:00,1.77,1.46,27.06,25.37,5.57,22.0,32.63,63.11,1011.3,5.89,18.5678,78.9012
NODE_005,2026-06-05T12:30:00,1.96,1.47,26.2,26.04,5.56,22.0,32.71,63.18,1011.4,5.74,18.5678,78.9012
NODE_005,2026-06-05T12:45:00,1.96,1.47,26.45,26.7,5.56,22.0,32.44,63.15,1010.57,6.39,18.5678,78.9012
NODE_005,2026-06-05T13:00:00,1.73,1.48,27.18,27.27,5.55,22.0,32.79,61.51,1010.82,9.72,18.5678,78.9012
NODE_005,2026-06-05T13:15:00,2.42,1.47,26.92,28.12,5.54,22.0,32.62,61.93,1009.89,6.07,18.5678,78.9012
NODE_005,2026-06-05T13:30:00,2.12,1.49,26.91,28.85,5.53,22.0,33.1,61.85,1010.79,7.12,18.5678,78.9012
NODE_005,2026-06-05T13:45:00,2.51,1.52,28.17,29.73,5.52,22.0,32.97,61.97,1010.85,7.63,18.5678,78.9012
NODE_005,2026-06-05T14:00:00,2.93,1.53,27.71,30.78,5.51,22.0,32.67,61.77,1010.7,9.43,18.5678,78.9012
NODE_005,2026-06-05T14:15:00,2.75,1.54,28.11,31.76,5.51,22.0,32.23,61.63,1011.79,6.4,18.5678,78.9012
NODE_005,2026-06-05T14:30:00,2.35,1.55,28.84,32.58,5.5,22.0,33.36,61.37,1011.07,6.28,18.5678,78.9012
NODE_005,2026-06-05T14:45:00,3.43,1.56,28.88,33.84,5.49,22.0,33.03,62.08,1011.06,6.48,18.5678,78.9012
NODE_005,2026-06-05T15:00:00,3.11,1.56,29.92,34.96,5.48,22.0,32.44,62.39,1010.3,6.91,18.5678,78.9012
NODE_005,2026-06-05T15:15:00,3.87,1.56,29.61,36.39,5.47,22.0,32.59,62.77,1010.28,7.49,18.5678,78.9012
NODE_005,2026-06-05T15:30:00,4.01,1.55,28.9,37.87,5.47,22.0,33.21,62.93,1009.74,7.49,18.5678,78.9012
NODE_005,2026-06-05T15:45:00,3.22,1.57,30.25,39.04,5.46,22.0,32.38,62.41,1010.61,6.06,18.5678,78.9012
NODE_005,2026-06-05T16:00:00,3.15,1.56,29.87,40.18,5.45,22.0,32.97,63.91,1010.38,8.79,18.5678,78.9012
NODE_005,2026-06-05T16:15:00,3.62,1.56,29.72,41.51,5.44,22.0,32.37,64.21,1010.75,8.59,18.5678,78.9012
NODE_005,2026-06-05T16:30:00,4.45,1.55,28.51,43.17,5.44,22.0,32.85,64.63,1011.29,8.39,18.5678,78.9012
NODE_005,2026-06-05T16:45:00,4.93,1.55,29.46,45.02,5.43,22.0,32.56,64.93,1009.11,8.38,18.5678,78.9012
NODE_005,2026-06-05T17:00:00,4.26,1.54,27.65,46.6,5.42,22.0,31.95,67.0,1010.76,9.52,18.5678,78.9012
NODE_005,2026-06-05T17:15:00,5.4,1.55,29.28,48.64,5.42,22.0,31.09,67.66,1010.67,6.78,18.5678,78.9012
NODE_005,2026-06-05T17:30:00,4.66,1.56,29.55,50.39,5.41,22.0,31.87,67.19,1010.59,7.0,18.5678,78.9012
NODE_005,2026-06-05T17:45:00,4.26,1.57,29.86,51.97,5.41,22.0,31.91,66.98,1009.91,6.79,18.5678,78.9012
NODE_005,2026-06-05T18:00:00,4.51,1.55,29.11,53.66,5.4,22.0,30.48,70.23,1009.44,6.63,18.5678,78.9012
NODE_005,2026-06-05T18:15:00,5.62,1.56,30.27,55.78,5.4,22.0,30.59,70.89,1010.4,6.86,18.5678,78.9012
NODE_005,2026-06-05T18:30:00,4.8,1.57,29.99,57.58,5.4,22.0,30.98,70.35,1009.81,7.84,18.5678,78.9012
NODE_005,2026-06-05T18:45:00,6.29,1.58,30.25,59.98,5.4,22.0,30.89,71.26,1009.88,9.34,18.5678,78.9012
NODE_005,2026-06-05T19:00:00,5.77,1.6,30.93,62.17,5.4,22.0,28.82,74.59,1009.57,7.95,18.5678,78.9012
NODE_005,2026-06-05T19:15:00,6.14,1.61,30.86,64.5,5.4,22.0,28.34,74.81,1009.52,7.16,18.5678,78.9012
NODE_005,2026-06-05T19:30:00,5.8,1.64,31.67,66.7,5.4,22.0,28.59,74.61,1009.72,8.06,18.5678,78.9012
NODE_005,2026-06-05T19:45:00,5.86,1.66,32.96,68.93,5.41,22.0,29.28,74.67,1009.3,8.82,18.5678,78.9012
NODE_005,2026-06-05T20:00:00,7.25,1.69,33.26,71.71,5.42,22.0,28.34,79.42,1009.11,8.04,18.5678,78.9012
NODE_005,2026-06-05T20:15:00,6.04,1.72,35.55,74.0,5.43,22.0,27.04,78.62,1008.88,8.8,18.5678,78.9012
NODE_005,2026-06-05T20:30:00,6.91,1.75,34.78,76.65,5.44,22.0,27.92,79.16,1009.2,9.84,18.5678,78.9012
NODE_005,2026-06-05T20:45:00,7.77,1.78,36.24,79.64,5.46,22.0,28.24,79.67,1009.37,7.96,18.5678,78.9012
NODE_005,2026-06-05T21:00:00,5.76,1.8,37.62,81.82,5.48,22.0,26.75,82.37,1009.91,8.29,18.5678,78.9012
NODE_005,2026-06-05T21:15:00,6.56,1.86,39.47,84.32,5.51,22.0,26.62,82.81,1009.25,10.52,18.5678,78.9012
NODE_005,2026-06-05T21:30:00,6.26,1.9,40.22,86.71,5.54,22.0,26.38,82.67,1010.28,7.88,18.5678,78.9012
NODE_005,2026-06-05T21:45:00,6.63,1.95,42.96,89.24,5.57,22.0,26.0,82.87,1009.24,9.63,18.5678,78.9012
NODE_005,2026-06-05T22:00:00,6.07,1.99,45.11,91.55,5.6,22.0,25.35,86.17,1009.54,7.44,18.5678,78.9012
NODE_005,2026-06-05T22:15:00,7.14,2.05,47.29,94.28,5.63,22.0,25.29,86.74,1009.03,7.34,18.5678,78.9012
NODE_005,2026-06-05T22:30:00,7.96,2.12,48.75,97.35,5.67,22.0,24.98,87.27,1008.98,8.82,18.5678,78.9012
NODE_005,2026-06-05T22:45:00,6.73,2.2,51.59,98.0,5.72,22.0,24.69,86.57,1009.49,7.28,18.5678,78.9012
NODE_005,2026-06-05T23:00:00,8.32,2.28,55.63,98.0,5.77,22.0,24.4,90.6,1009.12,8.69,18.5678,78.9012
NODE_005,2026-06-05T23:15:00,6.97,2.37,59.23,98.0,5.82,22.0,24.24,89.76,1009.16,8.55,18.5678,78.9012
NODE_005,2026-06-05T23:30:00,6.54,2.45,62.14,98.0,5.88,22.0,23.89,89.51,1008.92,10.6,18.5678,78.9012
NODE_005,2026-06-05T23:45:00,8.47,2.55,66.3,98.0,5.94,22.0,24.25,90.73,1008.56,8.76,18.5678,78.9012
